host_id,host_name,host_since,host_response_rate,host_acceptance_rate,host_is_superhost,host_total_listings_count,neighborhood_id
31303940,Virginia,2015-04-15,1.0,,f,1,1
2572247,Andrea,2012-06-07,1.0,100%,f,1,1
16701,Phil,2009-05-11,1.0,88%,t,1,1
6031442,Meghna,2013-04-21,1.0,50%,f,1,1
15396970,Linda,2014-05-11,1.0,100%,t,1,1
64200298,Deborah,2016-03-23,1.0,95%,t,2,1
6570877,Juliet,2013-05-25,0.98,96%,f,5,1
3164508,Marilyn,2012-08-05,1.0,100%,t,2,1
3962517,Sami,2012-10-24,1.0,100%,t,1,1
4434391,Damon,2012-12-18,1.0,100%,t,2,1
64331842,Ricardo,2016-03-24,0.83,100%,f,1,1
8834105,Rebecca,2013-09-14,1.0,89%,t,2,1
13743098,Megan,2014-03-31,1.0,100%,f,2,1
57402911,Georgia,2016-02-04,1.0,97%,f,1,1
9658771,Anthony,2013-10-27,0.75,100%,f,1,1
1176995,Duane,2011-09-18,1.0,79%,f,2,1
431385,Cynthia,2011-03-09,1.0,100%,f,1,1
34552909,Barrie,2015-05-30,1.0,100%,t,3,1
13226301,Mohamed,2014-03-17,1.0,94%,t,3,1
74531248,Carl & Judy,2016-05-28,1.0,100%,f,1,1
23127285,Jesús,2014-10-29,1.0,63%,f,1,1
28518068,Colette,2015-02-28,1.0,,f,1,1
4762495,Jennifer,2013-01-19,1.0,92%,t,2,1
4653380,Beth,2013-01-10,1.0,100%,f,1,1
47935411,Jone,2015-11-01,1.0,100%,t,1,1
8302344,Dan,2013-08-21,0.6,100%,f,1,1
16398126,Chris,2014-06-04,0.95,100%,f,1,1
37177446,Nelson And Marlene,2015-06-30,1.0,100%,f,1,1
28472710,Crystal,2015-02-27,1.0,,f,1,1
8879967,Joanne,2013-09-16,1.0,71%,f,1,1
333210,Gena & Leon,2011-01-02,1.0,95%,f,2,1
1229092,Jim,2011-09-30,1.0,100%,f,1,1
19223882,Rosa,2014-07-31,1.0,100%,f,1,1
43132977,Elly,2015-09-01,1.0,100%,f,1,1
10021116,Douglas,2013-11-14,1.0,71%,t,1,1
7723912,Fj,2013-07-25,0.77,89%,f,2,1
82861960,Lelia,2016-07-10,1.0,83%,f,1,1
7506913,Maria Cecilia,2013-07-15,1.0,100%,f,1,1
44625108,Jessica,2015-09-19,1.0,91%,f,1,1
8491165,Jeff,2013-08-28,1.0,67%,f,1,1
16343599,Ella & Will,2014-06-03,0.9,94%,t,1,1
30349101,Rossanna,2015-03-31,1.0,,f,1,1
8582699,Poppy,2013-09-02,1.0,100%,f,1,1
68001856,Laura,2016-04-19,1.0,100%,f,1,1
809859,Lisa,2011-07-12,0.5,100%,f,1,2
2139546,Robin,2012-04-14,1.0,100%,f,2,2
12083797,Molly,2014-02-09,0.93,73%,f,2,2
3840038,Sidney,2012-10-11,1.0,,f,1,2
21873698,Elizabeth,2014-09-28,1.0,89%,t,1,2
10910804,Evelyn,2013-12-30,0.7,85%,f,2,2
14303759,Susan,2014-04-15,1.0,89%,t,4,2
207475,Danielle&Peder,2010-08-20,1.0,100%,t,1,2
32449720,Shawn,2015-05-02,1.0,100%,t,1,2
4263511,Miriam,2012-11-27,0.71,100%,f,1,2
5055078,Ashley,2013-02-11,0.36,93%,f,1,2
9350281,Emily,2013-10-10,1.0,50%,f,1,2
24701232,Robert,2014-12-10,1.0,,f,1,2
7394101,Diane,2013-07-10,1.0,100%,f,1,2
19280995,Kaitlin,2014-08-01,0.73,100%,f,4,2
5215706,Alexis,2013-02-24,0.6,60%,f,2,2
2444900,David,2012-05-23,1.0,,f,1,2
6104362,Vera,2013-04-26,1.0,25%,f,2,2
8167936,Siqi,2013-08-14,1.0,,f,1,2
16337422,Orion,2015-06-23,0.5,100%,f,2,2
964356,Jill,2011-08-13,1.0,75%,f,1,2
5028116,Jason,2013-02-09,1.0,56%,t,4,2
57514323,Mark,2016-02-05,1.0,100%,f,1,2
391664,Nora,2011-02-14,0.6,88%,f,1,2
17401715,Margo,2014-06-29,1.0,0%,f,1,2
8154081,Cezanne,2013-08-14,0.67,100%,f,1,2
2796082,Margaret,2012-07-01,1.0,76%,f,2,2
5670669,Kelly,2013-03-28,1.0,100%,f,1,2
27860683,Anú,2015-02-16,0.33,100%,f,1,2
5580771,Alison (& Shawn),2013-03-22,0.9,92%,f,1,2
1805868,Zachary,2012-02-24,1.0,57%,f,1,2
5689782,Cora,2013-03-30,1.0,74%,f,1,2
16052189,Jonathan,2014-05-27,0.78,82%,f,6,2
17549950,Mariana,2014-07-02,1.0,,f,1,2
19056916,Mattaya,2014-07-28,0.86,100%,f,1,2
15123694,Lucia,2014-05-05,0.67,100%,f,1,2
987917,Helder,2011-08-18,1.0,56%,f,3,2
9662986,Wilke,2013-10-27,1.0,89%,t,1,2
16067950,Moshe,2014-05-27,0.86,100%,f,1,2
12937716,Jean-Ellen,2014-03-08,0.9,100%,f,1,2
24593919,Minor,2014-12-07,1.0,93%,f,2,2
20040612,Jared,2015-08-21,0.8,100%,f,1,2
22290246,Kevin,2014-10-08,1.0,,f,1,2
1531239,Lita,2011-12-23,1.0,100%,f,1,2
848706,Phyllis,2011-07-21,0.9,62%,f,1,2
19798741,Pam,2014-08-10,0.8,90%,f,2,2
4102281,Monroe,2012-11-09,0.9,69%,f,1,2
3578624,Karen,2012-09-15,1.0,100%,t,1,2
45402419,Jil,2015-09-29,1.0,77%,f,4,2
30314324,Eileen,2015-03-30,1.0,100%,f,1,2
93635490,Isaac,2016-09-05,1.0,,f,1,2
25636575,Karin,2015-01-05,1.0,100%,f,1,2
72132089,Hannah,2016-05-15,1.0,100%,f,2,2
13424353,Leo,2014-03-22,1.0,,f,1,2
5153431,Katie And Joe,2013-02-19,1.0,100%,f,1,2
1922657,Catherine,2012-03-14,1.0,100%,t,2,2
352441,Lillie,2011-01-18,1.0,33%,f,1,2
79103444,Bruce,2016-06-21,1.0,100%,f,1,2
14696258,Sarah,2014-04-24,1.0,100%,t,2,2
1498417,Chad,2011-12-12,1.0,100%,t,1,2
4191762,Jeff,2012-11-19,1.0,100%,f,1,2
1169936,Laura,2011-09-16,1.0,58%,f,1,2
12795084,Lynne,2014-03-04,1.0,83%,f,1,2
3676936,Roberto,2012-09-25,1.0,89%,f,1,2
55603,Ashley,2009-11-18,0.9,100%,f,1,2
52274002,Julia,2015-12-26,1.0,67%,f,1,2
7594805,Julia,2013-07-19,0.96,78%,f,1,2
11487565,Josefa,2014-01-20,1.0,78%,f,8,2
68125441,Katie,2016-04-20,0.4,83%,f,1,2
24584716,Miriam,2014-12-07,1.0,100%,f,3,2
15760345,Balint,2014-05-20,1.0,81%,f,2,2
2155838,Molly,2012-04-16,1.0,100%,f,1,2
31247560,Sybil,2015-04-14,0.0,100%,f,1,2
21644095,David,2014-09-22,1.0,93%,t,2,2
8021,L&B (Len & Becky Or Blenky*),2009-02-16,0.94,95%,t,5,2
5448841,Andrew,2013-03-13,1.0,25%,f,1,2
37835016,Erin,2015-07-07,1.0,,f,1,2
66824316,Patrick,2016-04-11,1.0,100%,f,1,2
4595799,Fivos,2013-01-05,1.0,100%,f,5,2
49453306,Gail,2015-11-19,1.0,100%,t,2,2
38120441,Jacob,2015-07-10,0.9,88%,f,1,2
18896448,Sandy,2014-07-25,1.0,100%,f,2,2
18807469,Derian,2014-07-24,1.0,100%,t,3,2
1176152,Josh,2011-09-18,1.0,100%,f,1,2
5052732,Josh+Kate,2013-02-11,1.0,100%,f,1,2
49365462,Andrea,2015-11-18,1.0,,f,1,2
32071442,Sarah,2015-04-27,0.92,94%,f,1,2
1920539,Caitlin & Dan,2012-03-14,1.0,96%,f,1,2
1035747,Maria Elena,2011-08-29,1.0,83%,t,1,2
35962316,Zack,2015-06-16,1.0,17%,f,1,2
4210157,Marian,2012-11-21,0.9,100%,f,2,2
10608570,Edward,2013-12-13,1.0,,f,1,2
47251069,David,2015-10-23,1.0,90%,f,2,2
3945438,Lisa,2012-10-22,1.0,96%,t,2,2
48719428,Diego,2015-11-10,0.5,56%,f,1,2
69203736,Jason,2016-04-27,1.0,,f,1,2
1500300,Anya,2011-12-13,1.0,86%,f,1,2
28193547,Jordan,2015-02-22,1.0,50%,f,2,2
79610778,Kristen,2016-06-24,0.7,100%,f,1,2
77569960,Margaret,2016-06-13,1.0,100%,f,1,2
3817361,Alishya,2012-10-09,1.0,63%,f,2,2
1622932,Cara,2012-01-18,1.0,100%,f,1,2
13812113,Ray,2014-04-02,1.0,100%,t,1,2
119381,Gordon And Alexandra,2010-05-06,1.0,100%,f,1,2
1480518,Lisa,2011-12-07,1.0,100%,t,4,2
18807764,Dar,2014-07-24,1.0,100%,f,2,2
64682226,Daniel,2016-03-27,1.0,33%,f,1,2
30490577,Lori,2015-04-02,1.0,100%,t,3,2
3381838,Eliza,2012-08-26,1.0,,f,1,2
19342870,Rolvix,2014-08-02,1.0,100%,f,1,2
32784275,Manuel,2015-05-06,1.0,100%,f,1,2
9329890,Andrew,2013-10-09,1.0,20%,f,2,2
8498315,Joe/Ayad,2013-08-28,1.0,100%,t,1,2
31691830,Penny,2015-04-21,1.0,78%,t,1,2
9991368,Caitlin,2013-11-13,0.67,33%,f,1,2
23759488,Tricia,2014-11-15,1.0,100%,t,1,2
17844905,Susie,2014-07-08,1.0,100%,f,1,2
206353,Perry,2010-08-19,1.0,96%,f,8,2
25932315,Heriberto,2015-01-11,1.0,100%,f,1,2
14840087,Carey,2014-04-28,1.0,100%,t,1,2
3900945,Emily And Carl,2012-10-17,0.9,83%,f,2,2
33289576,Michael,2015-05-13,1.0,,f,1,2
1450086,Peter,2011-11-28,1.0,,f,1,2
14993032,Leah,2014-05-01,1.0,,f,1,2
9228417,Alice,2013-10-04,1.0,100%,f,1,2
29709417,Jon,2015-03-20,1.0,82%,f,1,2
50199143,Paul,2015-11-30,1.0,100%,f,2,2
67325902,Brooke,2016-04-15,0.8,70%,f,1,2
47588894,Rebecca,2015-10-27,1.0,,f,1,2
18190121,Andrea,2014-07-16,1.0,100%,t,2,2
2727109,Tom,2012-06-24,1.0,100%,f,1,2
1106261,Jonas,2011-09-03,1.0,,f,1,2
3920014,Patti And Javier,2012-10-19,1.0,96%,t,2,2
869131,Maura,2011-07-25,1.0,100%,f,2,2
6391436,Robin And Victoria,2013-05-14,1.0,100%,f,5,2
6807512,Sarah,2013-06-08,1.0,0%,f,1,2
3129367,Louis,2012-08-01,1.0,92%,f,2,2
6668129,Charles,2013-05-31,1.0,,f,1,2
52989144,Brian,2016-01-01,1.0,85%,f,1,2
48936696,Sarah,2015-11-13,1.0,80%,f,1,2
635157,Catlin,2011-05-28,0.9,73%,t,1,2
26023138,Sherry,2015-01-12,1.0,,f,1,2
557469,Gerald,2011-05-04,1.0,0%,t,1,2
51236938,Vanessa,2015-12-13,1.0,100%,f,1,2
29531596,Marcus,2015-03-17,1.0,100%,f,1,2
113091,Nina And Mike,2010-04-24,1.0,100%,f,1,2
236790,Ann,2010-09-16,1.0,100%,f,1,2
15172911,Zoe,2014-05-06,1.0,100%,f,1,2
27112758,Joe,2015-02-02,1.0,82%,f,1,2
2810446,Danielle,2012-07-02,1.0,100%,t,2,2
31655122,Bonnie,2015-04-21,1.0,100%,t,1,2
22249835,Sean,2014-10-07,0.96,100%,f,2,2
5965548,Colombine,2013-04-17,1.0,100%,f,1,2
12164071,Cynthia,2014-02-11,1.0,100%,t,3,2
4147257,Jenn,2012-11-14,1.0,72%,f,1,2
14743729,David,2014-04-26,1.0,,f,1,2
13897255,Chris,2014-04-04,1.0,100%,f,1,2
174986,Robert,2010-07-20,0.9,100%,t,1,2
4852286,Marie-Jose,2013-01-26,0.75,20%,f,1,2
32750893,Jenny,2015-05-06,1.0,,f,1,2
2753598,Celia,2012-06-26,1.0,,f,2,2
79575198,Jeff,2016-06-23,1.0,100%,f,3,2
36278389,Jessica,2015-06-20,1.0,100%,f,1,2
1624549,Andrew,2012-01-18,1.0,100%,t,1,2
1713739,Andree,2012-02-07,1.0,98%,f,2,2
16379445,Kelly,2014-06-04,1.0,,t,1,2
55958506,Noél,2016-01-24,0.9,100%,f,1,2
48876489,Rachel,2015-11-12,1.0,83%,f,1,2
3130698,Mariana,2012-08-01,1.0,100%,f,1,2
50464388,Edana,2015-12-03,1.0,67%,f,1,2
30099169,Scott,2015-03-27,0.97,86%,f,1,2
70542233,Christine,2016-05-05,1.0,100%,f,2,2
9240847,Jillian,2013-10-05,1.0,88%,f,1,2
1633163,Toyoko,2012-01-21,1.0,83%,f,1,2
1264857,Marie,2011-10-08,1.0,100%,f,1,2
28975718,Thomas,2015-03-08,0.89,100%,f,1,2
38015635,Dave,2015-07-09,1.0,100%,f,1,2
69873384,Jason,2016-05-01,0.9,82%,f,1,2
3581975,Rachel,2012-09-16,1.0,100%,f,1,2
21299112,Helen,2014-09-13,1.0,100%,t,2,2
2127414,Katharine (Kit) And Scott,2012-04-12,1.0,90%,t,1,2
35411494,JonandMargrit,2015-06-09,1.0,94%,t,2,2
24337472,Julie + Seven,2014-11-30,1.0,95%,t,1,2
2182717,Ame,2012-04-20,1.0,69%,f,1,2
22475241,Mackenzie,2014-10-13,0.67,100%,f,1,2
15399126,Caroline,2014-05-11,1.0,100%,f,1,2
22217451,Ashley,2014-10-06,1.0,,f,1,2
5325924,Matt,2013-03-04,1.0,0%,f,1,2
49565531,Maria,2015-11-21,0.7,75%,f,1,2
4743011,Nina And Emily,2013-01-17,0.5,100%,f,1,2
29925050,Tanya,2015-03-24,1.0,,f,1,2
15637560,Adam,2014-05-17,1.0,86%,t,1,2
89230454,Asad,2016-08-10,1.0,100%,f,1,2
6570954,Tobias,2013-05-25,1.0,94%,f,1,2
1414385,Woody And Pauline,2011-11-16,1.0,100%,f,2,2
1827998,Alexis,2012-02-28,1.0,78%,f,1,2
29890732,Nancy,2015-03-23,1.0,100%,f,2,2
20912254,Liz And Dale,2014-09-03,1.0,97%,t,2,2
17917160,Rocio & Jason,2014-07-10,1.0,97%,t,1,2
27756951,Hannah & Philip,2015-02-14,1.0,100%,t,1,2
9622924,Emmanuel,2013-10-24,1.0,100%,f,1,2
965697,Chris & Kristina,2011-08-13,1.0,100%,t,2,2
197327,Melissa,2010-08-10,1.0,92%,f,2,2
3381271,Margaret,2012-08-26,1.0,100%,f,1,2
333220,Hylton,2011-01-02,1.0,60%,f,1,2
25938192,Elena,2015-01-11,1.0,100%,f,1,2
49640474,Nancy,2015-11-22,1.0,92%,t,1,2
2053557,Hilary,2012-04-02,1.0,100%,t,1,2
39964775,Margaret,2015-07-29,1.0,,f,1,2
18589253,Will,2014-07-21,1.0,90%,f,1,2
39949128,Daniel,2015-07-29,1.0,100%,f,1,2
52169456,Myla,2015-12-24,1.0,,f,0,2
847177,Brendan,2011-07-20,1.0,100%,f,1,2
62697851,Eli,2016-03-12,1.0,83%,f,1,2
8814724,Kelly,2013-09-13,1.0,100%,t,1,2
9155267,Derek,2013-10-01,1.0,100%,f,1,2
548184,Adam And Rachel,2011-05-01,1.0,85%,t,1,2
10524003,Isaac,2013-12-09,1.0,50%,f,1,2
120731,Adrian Nichola,2010-05-08,1.0,100%,f,1,2
1487352,Matt And Eva,2011-12-09,1.0,100%,f,1,2
5988470,Nikki,2013-04-18,0.86,75%,f,1,2
91197438,Vinayak,2016-08-21,1.0,,f,1,2
8573721,Razan,2013-09-01,1.0,100%,f,1,2
1693497,Melissa,2012-02-03,1.0,88%,f,2,2
1956464,Maria,2012-03-18,0.0,100%,f,1,2
45771009,Riyo,2015-10-04,1.0,100%,f,2,2
47908069,Kevin,2015-11-01,1.0,0%,f,1,2
23916912,Zach,2014-11-18,1.0,100%,t,1,2
13271600,Carol,2014-03-18,0.6,50%,f,1,2
7419610,Ariel,2013-07-11,1.0,100%,f,1,2
4705050,Jared,2013-01-14,1.0,100%,t,1,2
449295,Dorothy & Seth,2011-03-18,1.0,56%,t,2,2
7302835,Samuel,2013-07-05,0.0,100%,f,1,2
3245213,Rachel,2012-08-13,1.0,100%,t,1,2
65660258,Oriana,2016-04-03,0.8,100%,f,3,2
46926631,Andrei,2015-10-19,1.0,100%,f,1,2
5539314,Toni,2013-03-19,1.0,,f,1,2
72882793,Liesl &,2016-05-19,1.0,100%,f,4,2
12150111,A And L,2014-02-11,1.0,82%,t,1,2
4442258,Patti,2012-12-19,1.0,,f,1,2
39290576,Paul,2015-07-22,1.0,91%,f,1,2
6703626,Isabel,2013-06-02,1.0,33%,f,1,2
11725202,Alicia And Kostas,2014-01-28,1.0,100%,t,2,2
3310704,Kyle & Sefira,2012-08-19,1.0,100%,f,1,2
314576,Josh,2010-12-09,1.0,100%,f,1,2
4913318,Luciana,2013-01-30,1.0,,f,1,2
40108777,Larry,2015-07-31,1.0,96%,t,1,2
17763937,Dawson,2014-07-07,1.0,100%,f,1,2
11332246,Oscar,2014-01-15,0.4,100%,f,1,2
2646681,Julie Lou,2012-06-15,1.0,,f,1,2
884747,Meg,2011-07-28,1.0,95%,f,2,2
55571157,Steve,2016-01-21,1.0,100%,f,1,2
36238599,Julie,2015-06-19,0.9,100%,f,1,2
41999943,Sara,2015-08-20,1.0,100%,f,1,2
11722054,Nina,2014-01-28,0.75,67%,f,1,2
16736927,Anna,2014-06-13,0.6,67%,f,1,2
228845,Jeremy,2010-09-08,1.0,56%,f,5,2
14140959,Juliet,2014-04-10,1.0,,f,1,2
13372537,Molly,2014-03-21,1.0,86%,t,1,2
47482159,Julie,2015-10-26,1.0,,f,1,2
1697505,Francisco,2012-02-04,1.0,50%,f,1,2
5454238,Kate,2013-03-13,1.0,100%,f,1,2
4610847,Pam And Sara,2013-01-06,0.9,100%,f,1,2
49787594,Jeffrey,2015-11-24,1.0,100%,t,1,2
16375951,Bec,2014-06-04,1.0,,f,1,2
8829183,Eran,2013-09-14,1.0,67%,f,1,2
1263583,Eric,2011-10-08,1.0,,f,1,2
5115759,Mary Kate & Javier,2013-02-17,1.0,78%,f,1,2
2238969,Kenji,2012-04-27,1.0,67%,f,1,2
25188,Seamless,2009-07-10,0.89,45%,f,558,3
62644786,Jay,2016-03-12,1.0,67%,f,1,3
18202088,Beantown Suites,2014-07-16,0.97,81%,f,21,3
37826100,Feng,2015-07-07,1.0,,f,1,3
962698,Daniel,2011-08-12,1.0,75%,f,3,3
70552156,Shahid,2016-05-05,1.0,50%,f,1,3
7673571,Alexandra,2013-07-23,1.0,100%,f,3,3
17547008,Caio,2014-07-02,1.0,100%,f,1,3
70196711,Timothy,2016-05-03,0.5,100%,f,1,3
66462220,Jana,2016-04-09,1.0,100%,f,1,3
19480579,Fernando,2014-08-05,0.9,94%,f,3,3
41486164,Joseph,2015-08-14,1.0,,f,1,3
25327613,Thomas,2014-12-28,1.0,,f,1,3
1532353,Diana,2011-12-24,1.0,100%,f,1,3
324630,Sean,2010-12-21,1.0,100%,f,7,3
59163294,Nimer,2016-02-17,1.0,,f,1,3
63525,Dayo,2009-12-16,0.9,92%,f,1,3
64704565,Nikhil,2016-03-28,0.7,33%,f,1,3
224090,Tricia,2010-09-04,1.0,71%,t,1,3
522072,Hochiang,2011-04-19,1.0,100%,f,3,3
78198042,Raheel,2016-06-16,1.0,100%,f,1,3
3729809,Gustavo,2012-10-01,1.0,,f,1,3
34332489,英硕,2015-05-27,1.0,,f,2,3
24950258,Angie,2014-12-17,1.0,100%,f,1,3
63222351,Dick,2016-03-16,1.0,91%,f,1,3
30283594,Kara,2015-03-30,0.98,55%,f,749,3
4678912,Fernando,2013-01-12,1.0,60%,f,1,3
67677418,Steve,2016-04-18,1.0,100%,f,1,3
66654235,Zoe,2016-04-10,1.0,100%,f,4,3
28662210,Terry,2015-03-03,1.0,68%,f,3,3
86931675,Maren,2016-07-30,1.0,100%,f,2,3
1220808,Alisa,2011-09-28,1.0,97%,f,2,3
30979867,Solntse,2015-04-10,1.0,,f,2,3
9039817,Jeremy,2013-09-24,0.88,76%,f,2,3
16650364,Ricardo,2014-06-11,1.0,100%,f,1,3
14338710,Veronica,2014-04-15,0.31,97%,f,2,3
57112558,Alex,2016-02-02,1.0,,f,1,3
4464034,Christina Marie,2012-12-21,1.0,,t,1,3
26988,Anne,2009-07-22,1.0,93%,f,12,3
82250238,Joshi,2016-07-07,0.5,100%,f,1,3
6592128,Kamila,2013-05-27,1.0,,f,1,3
46891535,Kate,2015-10-18,1.0,,f,1,3
14050476,Carl,2014-04-08,0.9,86%,f,1,3
69077492,颖达,2016-04-26,1.0,100%,f,1,3
36004400,Saleena,2015-06-16,1.0,33%,f,1,3
50599963,Marcus,2015-12-05,1.0,,f,1,3
78954936,Merna,2016-06-20,1.0,100%,f,1,3
18706555,Puhan,2014-07-23,1.0,80%,f,1,3
11653097,Camilla,2014-01-26,1.0,,f,1,3
9818757,Amanda,2013-11-04,1.0,100%,f,1,3
20515798,Isaac,2014-08-25,0.88,100%,f,1,3
34594389,Mitchel,2015-05-30,1.0,,f,1,3
5160525,Steven,2013-02-20,1.0,83%,f,1,3
66050182,Lisa,2016-04-06,0.94,91%,f,5,3
91169115,Ellen,2016-08-21,1.0,100%,f,2,3
85019755,Kavya,2016-07-21,0.92,42%,f,1,3
41932249,Ann,2015-08-19,1.0,100%,f,3,3
31744945,Nathan,2015-04-22,1.0,100%,f,1,3
22500410,Babak,2014-10-13,0.91,100%,f,1,3
53149879,Gisel,2016-01-03,1.0,100%,f,1,3
11331527,Nina,2014-01-15,1.0,92%,f,2,3
24775678,Kuljeet,2014-12-12,1.0,,f,1,3
36973561,Jaclyn,2015-06-28,1.0,,f,1,3
4540666,Yosef,2012-12-31,1.0,,f,1,3
7046340,Chun Kei,2013-06-22,1.0,,f,1,3
246083,Lindsey,2010-09-26,1.0,,f,1,3
44620221,Michael,2015-09-19,0.9,75%,f,1,3
1551509,Brett,2011-12-30,1.0,100%,f,3,3
30679372,Khaled,2015-04-06,1.0,67%,f,1,3
9419684,Mike,2013-10-14,0.96,68%,f,313,3
42932254,Hal,2015-08-30,1.0,100%,f,1,3
5952458,Teresa,2013-04-16,1.0,,f,1,3
53178913,Amada,2016-01-03,1.0,100%,f,1,3
41317613,Shreyas,2015-08-12,1.0,78%,f,1,3
34576871,Mahesh,2015-05-30,1.0,92%,f,1,3
13935980,Prakhar,2014-04-05,1.0,100%,t,1,3
67118171,Rohit,2016-04-13,0.6,50%,f,1,3
24982706,Adam,2014-12-18,1.0,,t,1,3
16330682,Evan,2014-06-03,1.0,89%,f,2,3
44210183,Sam,2015-09-14,0.89,83%,f,1,3
68434060,Elle,2016-04-22,1.0,100%,f,1,3
13382900,Bernie,2014-03-21,1.0,100%,t,2,4
5618949,Alan,2013-03-25,1.0,94%,f,11,4
83636316,Mahip,2016-07-14,0.96,55%,f,1,4
40067818,Shannon,2015-07-30,1.0,,f,1,4
10478250,Boston Furnished Rentals,2013-12-07,0.81,67%,f,7,5
72882793,Liesl &,2016-05-19,1.0,100%,f,4,5
31340713,Kama,2015-04-16,1.0,100%,f,17,5
22541573,Ken,2014-10-14,1.0,69%,f,122,5
2355815,Francine,2012-05-12,1.0,100%,f,4,5
25470887,Shawn,2015-01-01,1.0,100%,f,1,5
1187228,Joseph,2011-09-20,0.9,100%,f,1,5
56540970,Yasmina,2016-01-28,1.0,100%,f,1,5
66058500,Emily,2016-04-06,1.0,57%,f,1,5
25660835,Shelby Lee,2015-01-05,1.0,100%,f,1,5
92648590,Paul,2016-08-30,1.0,,f,1,5
21851356,Gustavo,2014-09-27,1.0,100%,f,4,5
15830734,Molly,2014-05-21,0.6,86%,f,1,5
501255,Jeff,2011-04-11,1.0,30%,f,1,5
30283594,Kara,2015-03-30,0.98,55%,f,749,5
27121083,Antoinne,2015-02-02,1.0,60%,f,1,5
41726483,Nick,2015-08-17,1.0,89%,f,1,5
21021264,Judy,2014-09-06,1.0,75%,f,2,6
3169119,Rain,2012-08-05,1.0,100%,t,2,6
24123098,Abhishek,2014-11-24,1.0,,f,1,6
25188,Seamless,2009-07-10,0.89,45%,f,558,7
30283594,Kara,2015-03-30,0.98,55%,f,749,7
3011415,Stanley And Sue,2012-07-21,1.0,97%,f,13,7
12243051,Flatbook,2014-02-14,0.71,98%,f,363,7
5618949,Alan,2013-03-25,1.0,94%,f,11,7
9419684,Mike,2013-10-14,0.96,68%,f,313,7
31340713,Kama,2015-04-16,1.0,100%,f,17,7
35742537,Tanya,2015-06-14,1.0,100%,f,3,7
22591136,Hasan Oguz,2014-10-15,0.98,72%,f,6,7
93512984,Valentino,2016-09-04,1.0,,f,1,7
34039422,Jacinto,2015-05-23,1.0,75%,f,1,7
14007443,Sarah,2014-04-07,1.0,97%,t,2,7
15192564,Christina,2014-05-06,0.92,86%,f,1,7
22980169,Jennifer,2014-10-26,0.71,99%,f,1,7
20436793,Diana,2014-08-23,1.0,63%,f,1,7
38945687,Lee,2015-07-19,1.0,100%,f,1,7
71551723,Dimitra,2016-05-11,0.9,60%,f,1,7
83000375,Jen,2016-07-11,1.0,92%,f,2,7
57677138,Sarra,2016-02-06,1.0,90%,f,1,7
3981669,Katerina,2012-10-26,0.9,100%,f,1,7
82955257,Kristin,2016-07-10,0.92,67%,f,2,7
11279983,Daniel,2014-01-13,1.0,88%,f,1,7
89613233,Krista,2016-08-13,0.94,73%,f,1,7
22541573,Ken,2014-10-14,1.0,69%,f,122,7
47670141,Sanya,2015-10-28,1.0,,f,1,7
39536288,Alex,2015-07-25,0.93,96%,f,4,7
4962900,Stay Alfred,2013-02-04,1.0,36%,f,307,7
13929879,David,2014-04-05,0.9,84%,f,1,7
78945679,Louis,2016-06-20,1.0,100%,f,1,8
5578043,Dror,2013-03-22,1.0,100%,f,11,8
50866,SleepAfloat,2009-11-02,1.0,19%,f,16,8
1683708,Carlos And Cheryl,2012-02-01,1.0,100%,f,3,8
4142522,Heather,2012-11-13,1.0,,f,1,8
35738512,Will,2015-06-13,0.93,89%,f,1,8
14131690,Linda,2014-04-10,1.0,89%,f,1,8
55310299,Preeti,2016-01-19,1.0,,f,1,8
29385474,Justin,2015-03-15,1.0,,f,1,8
50648271,Richard,2015-12-06,1.0,100%,f,1,8
42300377,Enzo,2015-08-23,1.0,90%,t,1,8
9410008,Jason,2013-10-13,1.0,99%,t,15,8
40885583,Konstantinos,2015-08-08,1.0,61%,t,1,8
20264805,Sabrina,2014-08-19,1.0,86%,f,1,8
10850877,Franklin,2013-12-27,1.0,100%,f,2,8
38107558,Ally,2015-07-10,1.0,,f,1,8
3637081,Jose/Jason,2012-09-21,1.0,100%,f,13,8
29852577,Joseph And Sue,2015-03-23,1.0,100%,f,1,8
18601802,Gina,2014-07-21,1.0,94%,t,1,8
2042123,Sue,2012-03-31,0.8,100%,f,1,8
28167413,Zachary,2015-02-22,1.0,100%,f,1,8
10716287,Benjamin,2013-12-19,1.0,100%,f,1,8
66497629,Daniele,2016-04-09,1.0,93%,f,2,8
76954514,Rebecca,2016-06-10,1.0,68%,f,1,8
84922021,Lindsay,2016-07-20,1.0,100%,f,1,8
21184200,Paige,2014-09-10,0.99,81%,f,30,8
66084480,Richard,2016-04-06,1.0,100%,t,1,8
81152656,Malory,2016-07-01,1.0,100%,f,1,8
68072593,James,2016-04-20,0.8,100%,t,2,8
6873524,Tayler,2013-06-12,1.0,90%,f,2,8
69106634,Andrea,2016-04-26,1.0,100%,f,1,8
1723274,James,2012-02-08,1.0,99%,f,2,8
46702413,Beth,2015-10-16,1.0,100%,t,2,8
12312638,Peter,2014-02-17,1.0,100%,f,1,8
651876,Paulina,2011-06-01,1.0,56%,f,1,8
65646888,Jeff,2016-04-03,1.0,100%,f,1,8
50745636,Sean,2015-12-07,0.9,100%,f,1,8
39761134,Haley,2015-07-27,1.0,,f,1,8
71536024,Bill,2016-05-11,1.0,96%,t,2,8
17311095,Keshav,2014-06-26,0.9,91%,f,1,8
78285098,Andrew,2016-06-17,1.0,,f,1,8
10478250,Boston Furnished Rentals,2013-12-07,0.81,67%,f,7,8
24997738,Anthony,2014-12-19,0.85,95%,f,3,8
4590803,Tim,2013-01-04,1.0,100%,f,1,8
39019557,Brendon,2015-07-20,1.0,,f,1,8
32532791,Marie,2015-05-03,1.0,91%,f,37,8
13539199,Kim,2014-03-25,1.0,56%,f,1,8
79163790,Colleen,2016-06-21,0.9,71%,f,1,8
280539,Mariana,2010-11-07,1.0,100%,f,1,8
52464003,Maite,2015-12-27,1.0,100%,f,1,8
49726270,Judith,2015-11-23,0.8,100%,f,1,8
5695034,Elizabeth,2013-03-30,1.0,85%,f,2,8
1231885,Emily,2011-10-01,1.0,100%,f,1,8
42431392,Frank,2015-08-24,1.0,100%,f,2,8
97821,Gretchen,2010-03-23,1.0,94%,f,1,8
26413047,Andrew,2015-01-20,1.0,100%,f,1,8
22302321,Daniel,2014-10-08,1.0,,f,1,8
36554652,Rachel,2015-06-23,1.0,,f,1,8
2006852,Jay,2012-03-25,1.0,89%,t,5,8
20857768,Adam,2014-09-02,1.0,67%,f,15,8
61571632,Trish,2016-03-04,1.0,0%,f,1,8
3925363,Sanchit,2012-10-20,1.0,,f,1,8
6689112,Giovanni,2013-06-01,1.0,94%,f,2,8
35742537,Tanya,2015-06-14,1.0,100%,f,3,8
1144302,Howard,2011-09-11,1.0,93%,t,1,8
4737456,Paolo,2013-01-17,1.0,82%,f,1,8
14890925,Natalia,2014-04-29,1.0,100%,f,1,8
25079218,Lauren,2014-12-21,1.0,,f,1,8
24545104,Maira,2014-12-06,1.0,100%,f,1,8
3084952,Dasha,2012-07-28,0.94,83%,f,1,8
3387042,Nirmal,2012-08-27,0.93,50%,f,2,8
25960013,George,2015-01-11,1.0,,f,1,8
31804748,Dave,2015-04-23,1.0,95%,f,4,8
45037374,Stephen,2015-09-24,1.0,100%,f,1,8
29859334,Joy,2015-03-23,0.7,67%,f,1,8
5717433,Camille,2013-04-01,1.0,100%,f,1,8
66721032,Brad,2016-04-11,1.0,,f,1,8
9247845,Panagioti & Suzy,2013-10-05,1.0,98%,f,1,8
32141135,Leslie,2015-04-28,1.0,,t,1,8
5310128,Kate,2013-03-03,1.0,0%,f,1,8
14737770,Katharine,2014-04-26,1.0,,f,1,8
36050005,Janna,2015-06-17,1.0,,f,1,8
3137257,Furnished Rentals,2012-08-02,0.97,84%,f,11,8
11132080,Cindy & Mark,2014-01-08,1.0,100%,t,1,8
22220978,Adeline,2014-10-06,1.0,100%,f,1,8
23631661,Brie,2014-11-11,1.0,67%,f,2,8
20915681,Brad,2014-09-04,1.0,60%,t,1,8
5137376,Alex And Morgane,2013-02-18,1.0,,f,1,8
57064175,Sonia,2016-02-01,1.0,100%,f,1,8
1680669,Arielle & Lucas,2012-01-31,1.0,,f,1,8
9046262,Andrei,2013-09-25,1.0,,f,1,8
44203099,Jorge,2015-09-14,1.0,,f,1,8
50116532,Julie,2015-11-29,1.0,67%,f,1,8
68927890,Cole,2016-04-25,0.4,69%,f,1,8
43384196,Alexa,2015-09-04,1.0,88%,f,1,8
1299837,Tom,2011-10-16,1.0,100%,f,1,8
66356498,Lauren,2016-04-08,1.0,,f,1,8
36670279,Susan,2015-06-24,1.0,100%,t,1,8
68369590,David,2016-04-22,1.0,80%,f,1,8
21886762,Caitlin,2014-09-28,1.0,,f,1,8
1386951,Todd,2011-11-08,1.0,100%,f,1,8
10250257,Caroline,2013-11-25,1.0,0%,f,1,8
1118374,Matthew,2011-09-06,1.0,96%,f,4,8
3552368,Jerry And Kamil,2012-09-12,1.0,100%,f,2,8
9520740,Hans,2013-10-19,1.0,,f,1,8
24293931,Kristin,2014-11-29,1.0,,f,1,8
67103816,Firlian,2016-04-13,1.0,100%,t,3,9
38081675,Joseph,2015-07-10,1.0,,f,1,9
31035017,Jason,2015-04-11,1.0,67%,f,4,9
17549955,Arnaldo,2014-07-02,1.0,,f,1,9
12243051,Flatbook,2014-02-14,0.71,98%,f,363,9
28820575,S.P.,2015-03-05,1.0,100%,f,18,9
1037913,Derek,2011-08-30,1.0,100%,f,1,9
3875741,Mekkin,2012-10-15,0.95,56%,f,5,9
605252,Tayla,2011-05-19,1.0,100%,f,2,9
6244346,Angel,2013-05-05,0.69,83%,f,3,9
8229,Terry,2009-02-19,1.0,90%,f,7,9
13499840,Dean,2014-03-24,1.0,93%,f,1,9
9663343,Sarah,2013-10-27,1.0,100%,f,6,9
1444340,Will,2011-11-26,0.98,68%,f,24,9
10778805,Paul,2013-12-23,1.0,100%,f,3,9
14453758,Kartik,2014-04-18,1.0,,t,1,9
40833154,David,2015-08-08,0.67,0%,f,1,9
31622975,滢,2015-04-20,1.0,,f,1,9
42698490,Monica,2015-08-27,1.0,100%,f,2,9
18150109,Alex,2014-07-15,1.0,97%,f,2,9
255183,Michelle,2010-10-06,0.92,96%,f,5,9
20454595,Margarita,2014-08-24,1.0,100%,f,2,9
15198549,Miriam,2014-05-06,1.0,100%,f,1,9
10477120,Gary,2013-12-06,1.0,100%,f,2,9
44162105,Betsy,2015-09-14,1.0,96%,t,1,9
212445,Emma,2010-08-25,1.0,98%,f,6,9
48600417,Max,2015-11-09,1.0,100%,f,1,9
11228809,Jonathan,2014-01-12,1.0,100%,t,6,9
36982379,Jumbe,2015-06-28,1.0,86%,f,1,9
56709480,Jayleese,2016-01-30,1.0,,f,1,9
19966591,"Mari, Fer, & Diego",2014-08-13,1.0,100%,t,6,9
72272410,Jennifer,2016-05-16,1.0,100%,f,1,9
34532779,Christian,2015-05-29,1.0,99%,f,2,9
43078666,Edith,2015-09-01,0.9,80%,f,3,9
15730792,Elif,2014-05-19,1.0,77%,f,1,9
5654336,Bill,2013-03-27,1.0,100%,f,1,9
64824435,Kaitlin,2016-03-28,0.96,100%,f,3,9
12685813,Octavio,2014-03-01,1.0,100%,f,1,9
50065477,Valerie,2015-11-28,1.0,100%,f,1,9
28662210,Terry,2015-03-03,1.0,68%,f,3,9
18517776,Huggy,2014-07-21,0.93,57%,f,17,9
76032537,Chuyang,2016-06-05,1.0,89%,f,1,9
26062958,Yvonne,2015-01-13,1.0,50%,t,2,9
14785487,Aihua,2014-04-27,1.0,100%,f,7,9
39932301,Ilan,2015-07-29,1.0,67%,f,2,9
20224115,Ricardo,2014-08-18,1.0,,f,1,9
8898973,Adriana & Gianni,2013-09-17,0.8,86%,f,1,9
48584100,Marcia,2015-11-09,1.0,100%,f,1,9
19782214,Liz And Lucian,2014-08-10,1.0,,f,1,9
8061,Heidi,2009-02-17,1.0,100%,f,1,9
95959,Bandita,2010-03-19,0.5,100%,f,1,9
10877284,Randy,2013-12-28,1.0,100%,f,1,9
9303410,Tye,2013-10-08,1.0,,f,1,9
841314,Kathe/Fanny/Candice,2011-07-19,0.9,100%,f,1,9
25742899,Tyree,2015-01-07,0.9,100%,f,1,9
81103542,Marie,2016-07-01,0.9,67%,f,1,9
19036819,Shelley,2014-07-28,1.0,100%,f,1,9
15168012,Andreina,2014-05-06,1.0,0%,f,1,9
41932249,Ann,2015-08-19,1.0,100%,f,3,9
61701374,Jasiya,2016-03-05,1.0,100%,f,1,9
22901863,Ziyad,2014-10-23,1.0,100%,f,1,9
6033710,Michael,2013-04-22,0.33,67%,f,1,9
8479265,Alejandro,2013-08-27,0.9,36%,f,2,9
20113039,Yilkal,2014-08-16,1.0,100%,f,2,9
31367270,Brad,2015-04-16,1.0,95%,f,1,9
807320,Kate,2011-07-11,1.0,83%,f,1,9
5610797,Trevor,2013-03-24,1.0,,f,1,9
1426567,Jayson,2011-11-20,1.0,,f,8,9
45824409,Jonathan,2015-10-05,1.0,97%,t,3,9
45686983,Ronnie,2015-10-03,0.56,100%,f,1,9
17517957,Julia,2014-07-01,0.5,100%,f,1,9
48004670,Yisha,2015-11-02,0.85,79%,f,1,9
23900982,Vik,2014-11-18,0.5,100%,f,1,9
4644213,Michelle,2013-01-09,1.0,,f,1,9
20322644,Katherine,2014-08-20,1.0,100%,f,1,9
80390842,Kandi,2016-06-28,1.0,,f,1,9
44735228,Ervin,2015-09-21,0.75,100%,f,1,9
189855,Marla & Coe,2010-08-03,1.0,100%,f,1,9
51189915,Lindsey,2015-12-13,1.0,75%,f,1,9
265036,Claudia,2010-10-18,1.0,,f,1,9
5243773,Chad,2013-02-26,1.0,0%,f,1,9
170480,Chloe,2010-07-18,1.0,29%,f,2,10
29855553,Carlos G.,2015-03-23,1.0,50%,f,1,10
31044304,George,2015-04-11,1.0,,f,1,10
50935492,Arif,2015-12-09,1.0,,f,1,10
1444340,Will,2011-11-26,0.98,68%,f,24,10
5927277,J,2013-04-14,1.0,100%,f,1,10
6471589,Mary Kate,2013-05-19,1.0,56%,f,1,10
25188,Seamless,2009-07-10,0.89,45%,f,558,10
3269854,Christina,2012-08-15,0.3,100%,f,1,10
8992252,Laurel,2013-09-22,1.0,,f,1,10
36660602,Amanda,2015-06-24,1.0,30%,f,1,10
5408229,Liesl,2013-03-10,1.0,100%,f,1,10
2254462,Ce,2012-04-30,1.0,84%,f,3,10
28184185,Matt,2015-02-22,1.0,,f,1,10
35331408,Yoshika,2015-06-08,1.0,100%,t,1,10
85770,Robert,2010-02-26,1.0,96%,f,5,10
8881643,David,2013-09-16,0.7,89%,f,1,10
43217109,Javier,2015-09-02,1.0,98%,f,5,10
29025144,Jay,2015-03-09,1.0,,f,1,10
47889779,Kyle,2015-11-01,0.86,100%,t,3,10
6103953,Josh,2013-04-26,1.0,100%,f,4,10
12243051,Flatbook,2014-02-14,0.71,98%,f,363,10
22110106,Chris,2014-10-04,1.0,96%,f,2,10
3294478,Christina,2012-08-17,1.0,,f,1,10
38611099,Vika,2015-07-15,1.0,100%,f,2,10
93363670,Mason,2016-09-03,1.0,,f,1,10
912631,Gregory,2011-08-02,1.0,100%,t,1,10
75997654,Kathe & Lisa,2016-06-05,1.0,97%,f,4,10
48494513,Inn Boston,2015-11-08,0.91,94%,f,11,10
2204348,Nina,2012-04-23,1.0,100%,f,1,10
32532791,Marie,2015-05-03,1.0,91%,f,37,10
22348222,Alicia,2014-10-09,1.0,91%,f,52,10
6953578,Ross,2013-06-17,1.0,,f,1,10
19013294,Viktoria,2014-07-28,1.0,100%,f,3,10
2120544,Samuel,2012-04-11,1.0,,f,1,10
56744818,Bridget,2016-01-30,1.0,70%,f,1,10
14892598,Yucel,2014-04-29,1.0,100%,f,1,10
508268,Richard,2011-04-14,1.0,87%,t,12,10
2405780,Erin,2012-05-18,0.92,93%,f,1,10
9653086,Glenn,2013-10-27,1.0,75%,f,11,10
558997,Jancy Morgan,2011-05-05,1.0,67%,f,1,10
7964081,Gabriella,2013-08-05,1.0,86%,f,1,10
90491687,John,2016-08-17,1.0,100%,f,1,10
10757098,Kit,2013-12-22,1.0,100%,f,1,10
51060208,40 Berkeley,2015-12-11,0.9,76%,f,1,10
37726868,Michelle,2015-07-06,1.0,100%,t,1,10
75303372,Brian,2016-06-01,1.0,100%,f,1,10
46973308,Mohammad,2015-10-19,1.0,,f,1,10
4552954,Lisa,2013-01-02,1.0,83%,t,3,10
2064438,Pete,2012-04-03,1.0,100%,f,2,10
16681075,Sean,2014-06-11,1.0,100%,t,2,10
5430185,Laura,2013-03-12,1.0,100%,t,6,10
4776690,Dan,2013-01-20,1.0,94%,f,4,10
42868503,Thiago,2015-08-29,0.8,55%,f,1,10
20627610,Liri,2014-08-27,1.0,100%,t,1,10
38438502,Daniel,2015-07-14,0.68,73%,f,1,10
814298,Brent,2011-07-13,0.98,66%,f,22,10
3689882,Shira,2012-09-27,1.0,100%,t,2,10
18683719,Sara,2014-07-22,1.0,,f,1,10
56983370,Emily,2016-02-01,1.0,100%,f,1,10
26379614,Kimberly,2015-01-19,0.9,83%,f,1,10
14299534,Peng,2014-04-15,1.0,,f,1,10
22543302,Christopher,2014-10-14,1.0,0%,f,1,10
2212661,Lauren,2012-04-24,1.0,0%,f,1,10
432317,Julie,2011-03-09,1.0,100%,t,1,10
5678580,Chris,2013-03-29,1.0,,f,1,10
14980002,Adrienne,2015-05-05,1.0,,f,1,10
3958442,Jp,2012-10-23,1.0,56%,t,2,10
1651480,Edward,2012-01-25,1.0,94%,t,6,10
7744251,Lisa,2013-07-26,0.8,90%,f,1,10
21406929,Chuhan,2014-09-16,1.0,100%,f,1,10
5474074,Walter,2013-03-15,1.0,50%,f,3,10
24171028,Tiffany,2014-11-25,1.0,,f,1,10
49731364,Greta,2015-11-23,0.9,100%,t,1,10
11822816,Ammar,2014-01-31,1.0,,f,1,10
92663980,Fadi,2016-08-30,1.0,,f,1,10
4127253,Jeff,2012-11-12,0.5,50%,f,2,10
1604662,Ibrahim,2012-01-13,1.0,,f,1,10
44369882,Garrett,2015-09-16,0.8,100%,f,1,10
11556349,Ashley,2014-01-22,1.0,,f,1,10
2883829,George,2012-07-09,1.0,100%,f,5,10
28943553,Tessa,2015-03-07,0.9,82%,f,1,10
97805,Stephen,2010-03-23,1.0,0%,t,1,10
63487603,James,2016-03-18,1.0,100%,f,2,10
88372372,Lauren,2016-08-06,1.0,100%,f,1,10
39338110,Bobbi,2015-07-23,1.0,100%,f,1,10
35883584,Alessio,2015-06-15,1.0,100%,f,1,10
1015632,Kevin,2011-08-24,1.0,96%,f,3,10
53312551,Valeria,2016-01-04,1.0,95%,t,1,10
1462158,Chris & Claire,2011-12-01,1.0,93%,t,1,10
2265368,Daniel,2012-05-01,1.0,100%,f,1,10
3179912,Jennifer,2012-08-06,1.0,67%,f,1,10
25124470,Alice,2014-12-23,1.0,91%,f,1,10
1600351,Paul,2012-01-12,1.0,,f,1,10
51673899,Harriette Ferne,2015-12-18,0.77,33%,f,16,10
26345165,Patrick,2015-01-19,1.0,,f,1,10
7119092,Prasun,2013-06-25,1.0,58%,f,4,10
27015747,Ashley  &  Dennis,2015-01-31,0.92,100%,f,1,10
6349477,Kyle & Kelsey,2013-05-12,1.0,100%,t,1,10
46153497,Rania,2015-10-09,1.0,,f,1,10
1399007,Jon,2011-11-12,0.9,95%,f,1,10
61279591,Mike,2016-03-02,1.0,70%,f,1,10
51741798,Jen,2015-12-19,1.0,100%,t,1,10
3189672,Dympna,2012-08-07,1.0,100%,f,4,10
34950545,Jordi,2015-06-03,1.0,0%,f,1,10
44169062,Nick,2015-09-14,1.0,,f,1,10
36559227,Justin,2015-06-23,1.0,54%,t,1,10
31339113,Patrick,2015-04-16,0.9,74%,f,1,10
36379082,Tara,2015-06-21,1.0,100%,f,1,10
47283683,Alex,2015-10-23,1.0,94%,f,7,10
14535919,Paul,2014-04-21,1.0,100%,t,1,10
21609039,Susan,2014-09-21,1.0,88%,t,3,10
12452436,Drew,2014-02-21,1.0,100%,f,1,10
41439483,Ira,2015-08-14,1.0,,f,1,10
9485021,Stacy,2013-10-17,1.0,100%,f,1,10
19806255,Sarah,2014-08-10,1.0,65%,f,1,10
29713098,Adam,2015-03-20,1.0,75%,t,1,10
76928629,Roger,2016-06-10,1.0,100%,f,1,10
34055750,Philip And Ann,2015-05-23,1.0,100%,f,1,10
19572355,Thomas,2014-08-06,1.0,,f,1,10
12867663,Bruno,2014-03-06,1.0,100%,f,1,10
2012986,Alanna,2012-03-26,1.0,,f,1,10
3149911,Matthew,2012-08-03,1.0,57%,t,1,10
12985903,Gina,2014-03-10,1.0,77%,f,1,10
52081526,Thomas,2015-12-23,1.0,100%,f,1,10
21009959,Drew,2014-09-06,1.0,92%,f,1,10
7410606,Magdalena,2013-07-10,1.0,,f,1,10
4031770,Bryan,2012-11-01,1.0,,f,1,10
4335656,Ione,2012-12-05,1.0,100%,f,2,10
52469325,Jeff,2015-12-27,1.0,,f,1,10
4897723,Sina,2013-01-29,1.0,0%,f,3,10
37189820,Tommy,2015-06-30,1.0,100%,f,2,10
66371429,Eve,2016-04-08,1.0,100%,f,1,10
21737209,Andrea,2014-09-24,1.0,100%,f,1,10
1782413,Shannon + Michael,2012-02-20,1.0,,f,1,10
33311329,Leah,2015-05-13,1.0,50%,f,1,10
70833557,Ken,2016-05-07,1.0,100%,t,2,10
20062444,Dan,2014-08-15,1.0,56%,f,1,10
29806038,Jason,2015-03-22,1.0,100%,f,1,10
10115868,Dave,2013-11-19,1.0,94%,t,6,10
2976895,Abdin,2012-07-18,1.0,0%,f,1,10
331174,Faye,2010-12-30,1.0,100%,t,1,10
39282139,Mary,2015-07-22,1.0,100%,f,1,10
68277260,Ryan,2016-04-21,0.9,92%,f,1,10
14987763,Emily,2014-05-01,1.0,100%,f,1,10
43449123,Patrick,2015-09-05,1.0,90%,t,1,10
31021638,Jahan,2015-04-11,1.0,,f,1,10
50727619,Margaret,2015-12-07,1.0,,f,1,10
44392534,Nick,2015-09-17,1.0,95%,t,1,10
3977458,Nick,2012-10-25,1.0,,f,1,10
49104276,Dan & Daniela,2015-11-15,1.0,64%,f,1,10
6557340,Karoline,2013-05-24,1.0,89%,f,1,10
50318988,Cynthia,2015-12-01,1.0,100%,t,1,10
41661623,Christopher,2015-08-16,1.0,100%,f,1,10
84808632,Aurelien,2016-07-19,1.0,100%,f,1,10
271917,Sheryl,2010-10-26,1.0,0%,f,1,10
26510042,Ruth,2015-01-22,1.0,100%,f,1,10
2278181,Beverly,2012-05-02,1.0,,f,1,10
23099761,David,2014-10-29,0.9,100%,f,1,10
26164941,Paul,2015-01-15,1.0,100%,f,1,10
19055159,Mark,2014-07-28,1.0,,f,1,10
46488030,Amanda,2015-10-13,1.0,50%,f,1,10
39652496,Liz,2015-07-26,0.89,17%,f,1,10
64837202,Kim,2016-03-28,1.0,100%,f,2,10
4407416,Jonathan,2012-12-14,1.0,63%,f,1,10
7422781,Christine,2013-07-11,1.0,51%,f,1,10
12230539,Tim,2014-02-14,1.0,100%,t,2,10
21184200,Paige,2014-09-10,0.99,81%,f,30,10
16522894,Anna,2014-06-08,0.8,50%,f,1,10
6252491,Kat,2013-05-06,1.0,,f,1,10
7726008,Marissa,2013-07-25,0.9,50%,f,1,10
32870796,Jessica,2015-05-07,0.9,73%,f,2,10
3987348,Gadi,2012-10-27,0.0,100%,f,1,10
28972872,Marc,2015-03-08,1.0,43%,f,1,10
11071285,Andrew,2014-01-06,1.0,23%,f,1,10
3100734,Gerald,2012-07-30,1.0,100%,f,1,10
82529160,Mario,2016-07-08,1.0,100%,f,5,10
14697946,Rony,2014-04-24,1.0,,f,1,10
2221632,Tad,2012-04-25,1.0,,f,1,10
4818556,Jay,2013-01-23,1.0,,f,1,10
39051883,Gretchen,2015-07-20,1.0,100%,f,4,10
22891260,Petar,2014-10-23,1.0,100%,f,1,10
43772222,Nicole,2015-09-09,1.0,86%,f,1,10
2594165,Danielle,2012-06-10,1.0,86%,t,1,10
38708629,Karen,2015-07-16,1.0,,f,1,10
2021429,Harriet,2012-03-27,1.0,,f,2,10
23623960,Jad,2014-11-11,1.0,100%,f,1,10
47418276,Mike,2015-10-25,1.0,,f,1,10
5413224,Joseph,2013-03-11,1.0,100%,f,2,10
18286028,Scott,2014-07-17,1.0,88%,t,1,10
1172878,Christine,2011-09-17,1.0,,f,1,10
15421490,Ashley,2016-03-19,1.0,,f,1,10
53603592,Ingrid,2016-01-06,0.7,100%,f,1,10
22288672,Heather,2014-10-08,1.0,80%,f,1,10
183065,Laurel,2010-07-28,1.0,,f,1,10
4307515,Milicent,2012-12-02,0.92,83%,f,1,10
17818556,Ali,2014-07-08,0.71,69%,f,1,10
23785538,Alejandra,2014-11-15,1.0,,f,1,10
14438532,Ana & Ryan,2014-04-18,1.0,30%,f,1,10
50766866,Robert,2015-12-07,1.0,,f,1,10
13649503,Nguyen,2014-03-28,1.0,,f,1,10
1592221,Sarah,2012-01-10,0.9,75%,f,2,10
66447831,Appleton,2016-04-09,1.0,71%,f,1,10
17219748,Cecilie,2014-06-24,1.0,33%,f,2,10
72882793,Liesl &,2016-05-19,1.0,100%,f,4,10
38818333,William,2015-07-18,1.0,92%,f,1,10
16044270,Sarah,2014-05-27,1.0,0%,f,1,10
25188,Seamless,2009-07-10,0.89,45%,f,558,11
3713069,Lea,2012-09-30,0.92,83%,f,2,11
4195134,LifestyleFurnishedApartments,2012-11-19,0.7,93%,f,7,11
2992060,Wes,2012-07-19,0.8,33%,f,1,11
2448751,Kristi,2012-05-23,1.0,,f,1,11
25796770,Susan,2015-01-08,1.0,100%,f,5,11
31233940,Annalisa,2015-04-14,1.0,,f,1,11
3945988,Jeffrey,2012-10-22,1.0,94%,f,2,11
6429699,Amir,2013-05-16,1.0,,f,1,11
51673899,Harriette Ferne,2015-12-18,0.77,33%,f,16,11
22541573,Ken,2014-10-14,1.0,69%,f,122,11
41998307,Erica,2015-08-20,1.0,,f,2,11
508268,Richard,2011-04-14,1.0,87%,t,12,11
27608437,M,2015-02-11,1.0,100%,f,1,11
13822322,Varouj,2014-04-02,0.9,90%,f,2,11
21184200,Paige,2014-09-10,0.99,81%,f,30,11
6742925,Danielle,2013-06-04,0.9,100%,f,1,11
40738497,Loren,2015-08-06,1.0,57%,t,1,11
48494513,Inn Boston,2015-11-08,0.91,94%,f,11,11
72888191,Lana And Tatiana,2016-05-19,1.0,95%,f,3,11
7178644,Julie,2013-06-29,1.0,82%,t,1,11
12243051,Flatbook,2014-02-14,0.71,98%,f,363,11
9410008,Jason,2013-10-13,1.0,99%,t,15,11
22348222,Alicia,2014-10-09,1.0,91%,f,52,11
43195276,Emily,2015-09-02,1.0,,f,1,11
33688127,Eytan,2015-05-18,1.0,,f,1,11
5316617,Jill,2013-03-04,1.0,,f,1,11
28980127,Al,2015-03-08,1.0,,f,1,11
9619490,Luisa,2013-10-24,0.69,100%,f,2,11
45516766,Lauren,2015-10-01,1.0,100%,f,1,11
67180440,Bjorn,2016-04-14,1.0,100%,f,2,11
1354778,Sherry,2011-10-31,1.0,,f,1,11
58356283,Sophia,2016-02-11,0.9,100%,f,1,11
9419684,Mike,2013-10-14,0.96,68%,f,313,11
31804748,Dave,2015-04-23,1.0,95%,f,4,11
1600541,Marina,2012-01-12,1.0,94%,f,2,11
33323873,Qi,2015-05-13,1.0,100%,f,1,11
30283594,Kara,2015-03-30,0.98,55%,f,749,11
7466486,Moira,2013-07-13,1.0,,f,1,11
14891491,Owner,2014-04-29,1.0,33%,f,4,11
32532791,Marie,2015-05-03,1.0,91%,f,37,11
4962900,Stay Alfred,2013-02-04,1.0,36%,f,307,11
20582119,Jeff,2014-08-26,1.0,99%,f,4,11
3521413,Elly,2012-09-10,1.0,100%,f,2,11
1798561,Jonathan,2012-02-23,1.0,74%,f,1,11
2268578,Nate,2012-05-01,1.0,,f,1,11
206505,Cecile,2010-08-19,1.0,50%,f,1,11
38997,Michelle,2009-09-16,0.78,73%,f,7,11
81799793,Yilin,2016-07-05,1.0,100%,f,1,11
29537980,Alyssa,2015-03-17,1.0,100%,f,1,11
76620224,Steve,2016-06-08,1.0,100%,f,1,11
35950087,Ian,2015-06-16,1.0,,f,1,11
11356547,Mary,2014-01-16,1.0,67%,f,1,11
10074105,John,2013-11-17,1.0,,f,1,11
22779296,Jillian,2014-10-20,1.0,,f,1,11
11082983,Amber,2014-01-07,1.0,,f,1,11
7845075,Arnaud,2013-07-31,1.0,100%,f,1,11
65268598,Rob,2016-03-31,1.0,100%,f,1,11
37320933,Ken,2015-07-02,1.0,,f,1,11
50587785,Florence,2015-12-05,1.0,89%,t,2,11
4161865,Ally,2012-11-15,1.0,80%,f,2,11
47618394,Liesl,2015-10-28,1.0,100%,t,2,11
8008692,Randy,2013-08-07,1.0,77%,f,1,11
36130440,Gidget,2015-06-18,0.9,80%,f,1,11
19044311,Julie,2014-07-28,0.92,79%,f,1,11
16779145,Elizabeth,2014-06-14,0.95,100%,f,1,11
15222708,Purple,2014-05-07,0.83,0%,f,1,11
23000895,Mika,2014-10-26,1.0,100%,f,1,11
8261931,Hamed,2013-08-19,1.0,67%,f,1,11
17194624,Bernie,2014-06-24,0.96,95%,f,4,11
28358624,Len,2015-02-25,0.9,100%,f,1,11
25056412,Alexcis,2014-12-21,1.0,,f,1,11
25296328,Jinchen,2014-12-28,1.0,88%,f,3,11
21975471,Grace,2014-09-30,1.0,,f,1,11
18202088,Beantown Suites,2014-07-16,0.97,81%,f,21,11
28766987,Kathy,2015-03-04,1.0,100%,f,1,11
39051883,Gretchen,2015-07-20,1.0,100%,f,4,11
6723877,Jenni,2013-06-03,0.9,100%,f,1,11
3041265,Humberto,2012-07-24,1.0,100%,f,1,11
28974969,Jennifer,2015-03-08,1.0,100%,f,1,11
65632036,Michael,2016-04-03,1.0,,f,1,11
16708213,Leigh Ann,2014-06-12,1.0,88%,f,2,11
76562235,Safia,2016-06-08,1.0,91%,f,2,11
18776251,Melissa,2014-07-24,1.0,100%,t,2,11
12096454,Casey,2014-02-09,0.92,100%,f,1,11
157679,Sara,2010-07-03,1.0,,f,1,11
10132799,Ezra,2013-11-19,1.0,71%,f,2,11
44792241,Lisa,2015-09-21,1.0,91%,f,1,11
10750832,Tom,2013-12-21,1.0,100%,f,1,11
825370,Sebastien,2011-07-16,1.0,100%,f,1,11
1984434,Irene,2012-03-21,1.0,86%,t,1,11
11460448,Perri,2014-01-19,1.0,,f,1,11
51745385,Dennis,2015-12-19,1.0,100%,f,1,11
4259723,Josh,2012-11-27,1.0,100%,f,1,11
1369968,Christopher,2011-11-04,1.0,100%,f,3,11
16492238,Farouk,2014-06-07,1.0,78%,f,1,11
21938320,Joshua,2014-09-29,1.0,,f,1,11
34523300,Jie,2015-05-29,1.0,100%,f,1,11
45980822,Carolina,2015-10-07,0.9,100%,f,1,11
15338241,Scott,2014-05-10,1.0,100%,f,1,11
40035856,Farron,2015-07-30,0.75,100%,f,1,11
3023813,C. Max,2012-07-23,0.92,76%,t,2,11
28075283,Greg,2015-02-21,1.0,,f,1,11
1848513,Stacey,2012-03-03,1.0,,f,1,11
5809176,Sanjeev,2013-04-07,1.0,,f,1,11
34949685,Oine,2015-06-03,1.0,71%,f,1,11
2025724,Whitney,2012-03-28,1.0,100%,f,1,11
34078385,Matthew,2015-05-24,1.0,,f,1,11
33597924,Laura,2015-05-17,1.0,40%,f,1,11
1538079,Tom,2011-12-26,1.0,100%,t,1,11
814298,Brent,2011-07-13,0.98,66%,f,22,11
25911903,Esha,2015-01-10,1.0,67%,f,1,11
25424192,Yonatan,2014-12-31,1.0,100%,f,3,11
19911253,Lori,2014-08-12,1.0,93%,f,1,11
36275619,Sam,2015-06-20,1.0,0%,f,1,11
24595754,Paris,2014-12-07,1.0,100%,f,1,11
25308015,Anthony,2014-12-28,1.0,100%,f,3,11
64829816,Jess,2016-03-28,0.9,85%,f,1,11
1141071,Arnout,2011-09-11,1.0,100%,f,1,11
33101721,Lucian,2015-05-11,0.94,100%,f,2,11
54361238,Emily And Giuseppe,2016-01-12,1.0,91%,t,1,11
409027,Esteban,2011-02-24,1.0,50%,f,1,11
6562905,Jenna,2013-05-24,1.0,100%,f,1,11
57533988,Christal,2016-02-05,1.0,100%,t,1,11
10493424,Nicole,2013-12-07,1.0,97%,t,1,11
47552280,Muxue,2015-10-27,1.0,100%,f,1,11
23676983,Brooke,2014-11-12,1.0,74%,f,1,11
36737151,Alex,2015-06-25,0.89,86%,f,1,11
88129265,Jason,2016-08-05,1.0,100%,f,1,11
6055747,Krissy,2013-04-23,1.0,50%,f,1,11
54952385,Vera,2016-01-17,1.0,100%,f,1,11
42431392,Frank,2015-08-24,1.0,100%,f,2,11
62106939,Attuck,2016-03-08,1.0,88%,f,3,11
11909974,Ryan,2014-02-03,0.91,100%,f,1,11
65907845,Douglas,2016-04-05,1.0,50%,f,1,11
3137257,Furnished Rentals,2012-08-02,0.97,84%,f,11,11
19642206,Spencer,2014-08-07,1.0,100%,f,1,11
3715298,Alex,2012-09-30,1.0,100%,f,2,11
41538684,J.,2015-08-15,0.98,65%,f,3,11
2027295,Ravi,2012-03-28,1.0,100%,f,1,11
24196977,Jenny,2014-11-26,1.0,0%,t,1,11
36495581,Caroline,2015-06-23,1.0,,f,1,11
30658962,Marlo,2015-04-05,1.0,100%,f,3,11
31235595,Brooks,2015-04-14,1.0,100%,f,1,11
18142992,Jesse,2014-07-15,1.0,81%,f,2,11
19435065,Felana,2014-08-04,1.0,83%,f,1,11
6032648,Madison,2013-04-21,0.8,100%,f,1,11
5241671,Irene,2013-02-26,1.0,,f,1,11
8790904,Albert,2013-09-12,1.0,0%,f,1,11
45840601,Raul,2015-10-05,1.0,64%,f,1,11
7516089,Ankush,2013-07-16,1.0,100%,f,1,11
18092266,Aghdas,2014-07-14,0.9,100%,f,1,11
16154941,Kayla,2014-05-29,1.0,29%,f,1,11
84942880,Kristin,2016-07-20,1.0,100%,f,1,11
32540732,Nancy,2015-05-03,1.0,100%,f,1,11
82531689,Commonwealth Court,2016-07-08,1.0,,f,1,11
38478454,Kate,2015-07-14,0.94,91%,f,1,11
22726574,Nathan,2014-10-19,1.0,83%,f,1,11
17010369,B.J,2014-06-19,1.0,100%,f,1,11
9969381,Brady,2013-11-12,1.0,93%,t,1,11
70633440,Nicholas,2016-05-06,1.0,100%,f,1,11
13765922,Michael,2014-04-01,1.0,75%,f,1,11
62461042,Denise,2016-03-10,1.0,50%,f,1,11
8812693,Cornelia,2013-09-13,1.0,,f,1,11
20934696,Stephanie,2014-09-04,1.0,,f,2,11
91548283,Anthony,2016-08-23,1.0,100%,f,2,11
82529160,Mario,2016-07-08,1.0,100%,f,5,11
13597630,Lee,2014-03-27,1.0,,f,1,11
71670493,Patrick,2016-05-12,1.0,100%,f,1,11
30638417,Michelle,2015-04-05,1.0,86%,f,1,11
71647340,Chris,2016-05-12,0.78,67%,f,1,11
18993068,Liz,2014-07-27,1.0,,f,1,11
7912254,Sachin,2013-08-03,1.0,,f,1,11
22892596,Matt,2014-10-23,1.0,100%,f,1,11
1639654,Jason,2012-01-22,1.0,86%,f,1,11
17320199,Shalabh,2014-06-27,1.0,,f,1,11
21609039,Susan,2014-09-21,1.0,88%,t,3,11
18202088,Beantown Suites,2014-07-16,0.97,81%,f,21,12
5291968,Ryan,2013-03-02,0.92,100%,f,8,12
22264304,Tom,2014-10-07,1.0,99%,f,3,12
4804,Frank,2008-12-03,0.94,69%,f,5,12
40995423,Bonnie,2015-08-09,1.0,94%,f,9,12
81414368,Olena,2016-07-03,1.0,100%,f,1,12
10136526,Paul,2013-11-19,1.0,98%,t,2,12
12720679,Valerie,2014-03-02,1.0,100%,t,1,12
25205247,Monica,2014-12-26,1.0,64%,f,1,12
1407005,Izzy,2011-11-14,1.0,97%,f,4,12
86955930,Salma,2016-07-30,1.0,,f,1,12
1431134,Bruno,2011-11-21,1.0,100%,f,1,12
4472902,Ernesto,2012-12-23,1.0,33%,f,1,12
3594203,Shawn,2012-09-17,1.0,99%,f,20,12
204485,DeAnna,2010-08-17,1.0,25%,t,1,12
15393686,Helene,2014-05-11,1.0,,f,1,12
16284736,Jordan,2014-06-02,1.0,100%,f,4,12
28820575,S.P.,2015-03-05,1.0,100%,f,18,12
7772875,Ana,2013-07-28,0.96,100%,f,3,12
31862615,Adam,2015-04-24,1.0,100%,f,1,12
5997103,Andrea And Tivan,2013-04-19,1.0,89%,f,2,12
90216774,Natalia,2016-08-16,1.0,,f,1,12
12129722,Lais,2014-02-10,1.0,100%,f,1,12
41542719,Ivan,2015-08-15,1.0,98%,f,5,12
17000652,Richard,2014-06-19,1.0,85%,f,2,12
14604394,Kate,2014-04-22,1.0,63%,f,1,12
25938928,Ricardo,2015-01-11,1.0,94%,f,7,12
34539998,Christopher,2015-05-29,1.0,,f,1,12
44617326,Caroline,2015-09-19,1.0,100%,f,3,12
1229497,Laura,2011-09-30,1.0,,f,1,12
48677395,Andrew,2015-11-10,1.0,100%,f,1,12
6331373,Quinn-May,2013-05-11,1.0,100%,f,20,12
7956208,Aida,2013-08-05,1.0,73%,t,1,12
2574884,Pablo,2012-06-07,1.0,65%,t,2,12
51354463,Andy,2015-12-14,1.0,100%,f,2,12
55324394,Imelda,2016-01-19,1.0,100%,f,1,12
15349238,Vitaly,2014-05-10,1.0,,f,1,12
59127419,Jess And Will,2016-02-17,0.67,100%,f,1,12
25716111,Eric,2015-01-06,1.0,100%,f,1,12
42838239,Nury,2015-08-29,1.0,96%,t,1,12
42333465,Dan,2015-08-23,1.0,100%,f,2,12
24361937,Carolyn,2014-12-01,1.0,100%,f,1,12
14685544,Susie & Mike,2014-04-24,1.0,100%,t,2,12
37344176,Khuyến,2015-07-02,0.9,67%,f,2,12
48108655,Fatoumata,2015-11-03,1.0,100%,f,1,12
434539,Brahma,2011-03-10,1.0,100%,f,3,12
37882842,Joe And Patty,2015-07-08,1.0,94%,f,1,12
5275817,Leah,2013-03-01,1.0,100%,f,1,12
10545148,Perla,2015-03-22,0.91,100%,f,1,12
14211557,Joshua,2014-04-13,1.0,,f,1,12
45993690,Daniel,2015-10-07,1.0,100%,f,1,12
9073339,Elisangela,2013-09-26,1.0,100%,f,2,12
40117482,Lana,2015-07-31,1.0,100%,f,1,12
31375710,Olga,2015-04-17,1.0,100%,f,1,12
24273802,Eris,2014-11-28,1.0,92%,f,1,12
8739837,Ada,2013-09-09,0.9,100%,f,1,12
93916,Francine,2010-03-15,1.0,98%,f,2,12
5618949,Alan,2013-03-25,1.0,94%,f,11,12
93364702,Aria,2016-09-03,1.0,,f,1,12
68870,Jim & Afiyah,2010-01-08,0.99,100%,f,3,12
46878954,Sarah,2015-10-18,1.0,,f,1,12
17409171,Ilya,2014-06-29,1.0,87%,t,1,12
76181684,Baljinder,2016-06-06,1.0,100%,f,1,12
5715872,Joan,2013-04-01,1.0,100%,f,1,12
87858249,Sulaiman,2016-08-04,0.94,94%,f,1,12
15589117,Linda & Theresa,2014-05-16,1.0,100%,f,1,12
45928122,Laura,2015-10-06,1.0,67%,f,1,12
60246341,Seamus,2016-02-24,1.0,,f,1,12
2776892,Sara,2012-06-28,1.0,100%,f,1,12
18932946,Theresa,2014-07-26,0.92,96%,f,1,12
51992629,Jef,2015-12-22,1.0,100%,f,1,12
75634340,Chris,2016-06-03,1.0,100%,f,1,12
23777641,Gavin,2014-11-15,1.0,100%,f,3,12
22402141,Mirian,2014-10-11,1.0,100%,f,1,12
507084,Nicole,2011-04-13,1.0,100%,f,1,12
5256414,Hayley,2013-02-27,1.0,93%,f,1,12
3029783,Deborah,2012-07-23,1.0,78%,f,3,12
80820612,Hugo,2016-06-30,1.0,100%,f,1,12
42144668,Dan,2015-08-21,1.0,64%,f,1,12
66377071,Hector,2016-04-08,1.0,94%,f,2,12
83143176,Ben,2016-07-11,1.0,86%,f,2,12
50297998,Tyler,2015-12-01,1.0,,f,1,12
74471695,Guy Christian,2016-05-28,0.95,83%,f,1,12
19646638,Boyd,2014-08-07,1.0,75%,f,2,12
61523768,James,2016-03-04,1.0,100%,f,1,12
60434101,Michael,2016-02-25,0.81,100%,f,1,12
13595892,Elizabeth,2014-03-27,1.0,100%,f,1,12
41565478,Luz,2015-08-15,1.0,93%,t,1,12
15005020,Atanas,2014-05-02,1.0,,f,1,12
22088967,Jesse,2014-10-03,1.0,100%,f,1,12
69028974,Christine,2016-04-26,1.0,,f,1,12
39226802,Natasha,2015-07-22,1.0,83%,f,1,12
18752830,Sergei,2014-07-23,1.0,,f,1,12
24014785,Andrey,2014-11-21,1.0,100%,f,1,12
45752276,Brittany,2015-10-04,0.83,100%,f,1,12
16882984,Carlos,2014-06-16,1.0,64%,f,1,12
9721496,Heather,2013-10-30,1.0,,f,1,12
22548550,Kristen,2014-10-14,0.7,70%,f,1,13
552418,Vanya,2011-05-02,1.0,75%,f,1,13
15151322,Jianmin,2014-05-05,0.82,100%,f,3,13
20733420,Roger,2014-08-30,1.0,100%,f,2,13
416912,Christiane,2011-03-01,0.8,67%,f,2,13
21336020,El Has,2014-09-14,1.0,100%,f,1,13
29472153,Kristin,2015-03-16,1.0,0%,t,1,13
19241302,Deborah,2014-07-31,0.9,60%,f,2,13
93820834,Maria,2016-09-06,1.0,,f,1,13
128280,Elizabeth,2010-05-19,1.0,100%,f,4,13
5190148,Ashley,2013-02-22,1.0,,f,1,13
122982,Nadine,2010-05-11,1.0,,f,1,13
3842205,Nicolo,2012-10-11,1.0,100%,f,3,13
2004732,Finola,2012-03-25,1.0,100%,f,1,13
14561673,Megan,2014-04-21,1.0,0%,f,2,13
205107,Atef,2010-08-18,1.0,88%,f,2,13
36747522,Shawn,2015-06-25,1.0,,f,1,13
85308564,Kim,2016-07-22,0.17,100%,f,1,13
26766201,Alex,2015-01-26,1.0,100%,f,1,13
5934573,Greg,2013-04-15,1.0,94%,f,1,13
2330905,Greg,2012-05-09,1.0,,f,1,13
76412054,Chorm,2016-06-07,1.0,97%,f,1,13
14099596,Robert,2014-04-09,1.0,100%,f,1,13
69976103,Laurie,2016-05-02,1.0,,f,1,13
90526463,Darren,2016-08-17,1.0,,f,1,13
7652728,Seth,2013-07-22,1.0,0%,f,1,13
501427,Joe,2011-04-11,1.0,91%,f,2,13
10477638,Robert,2013-12-06,0.9,100%,t,1,13
22851843,Caitlyn,2014-10-22,1.0,50%,f,1,13
3432624,Alex,2012-08-31,1.0,85%,f,4,13
2644382,Justin & Heidi,2012-06-15,1.0,100%,t,1,13
38092410,Ketai,2015-07-10,0.96,99%,f,14,13
73203009,Alex,2016-05-21,1.0,0%,f,1,13
19174854,James,2014-07-30,1.0,,f,1,13
4100684,Laurel,2012-11-09,1.0,100%,f,1,13
826833,Lauren,2011-07-16,1.0,,f,1,13
59792146,Kelley,2016-02-21,1.0,,f,1,13
29688938,Heather And Mike,2015-03-20,1.0,80%,t,1,13
28759412,Jayme,2015-03-04,1.0,,f,1,13
28425476,Prasan,2015-02-26,1.0,,f,1,13
48366914,Rana,2015-11-06,1.0,100%,f,1,13
32532791,Marie,2015-05-03,1.0,91%,f,37,13
14374050,Ben,2014-04-16,1.0,,f,1,13
21745230,Jurek,2014-09-24,1.0,89%,t,10,13
3594203,Shawn,2012-09-17,1.0,99%,f,20,13
47565180,Jillian,2015-10-27,1.0,,f,1,13
6212219,Lynn,2013-05-03,0.83,40%,f,1,13
317841,Nitzan,2010-12-13,1.0,81%,t,1,13
36088668,Christina,2015-06-17,1.0,63%,t,1,13
15020804,Cory,2014-05-02,1.0,95%,f,2,13
78826692,Allie,2016-06-20,1.0,,f,1,13
35018472,Jennifer,2015-06-04,1.0,0%,f,1,13
28185704,Joshua,2015-02-22,1.0,100%,f,1,13
3022224,Krishna,2012-07-22,1.0,63%,f,1,13
3648427,Gerard  And Marie,2012-09-23,1.0,85%,t,2,13
8792144,Rachel,2013-09-12,1.0,100%,t,1,13
1446735,Mike,2011-11-27,1.0,100%,f,1,13
1444340,Will,2011-11-26,0.98,68%,f,24,13
724846,Kelly,2011-06-20,1.0,48%,f,1,13
14133713,Katy,2014-04-10,0.83,100%,f,2,13
19455327,Brendon,2014-08-04,1.0,100%,f,1,13
7723209,Taylor,2013-07-25,1.0,0%,f,1,13
4724006,Rosalia,2013-01-16,1.0,100%,t,1,13
814298,Brent,2011-07-13,0.98,66%,f,22,13
30238002,Robert,2015-03-29,0.0,100%,f,1,13
30658962,Marlo,2015-04-05,1.0,100%,f,3,13
23850983,Janel,2014-11-17,1.0,47%,t,1,13
49420192,Jon,2015-11-19,1.0,40%,f,1,13
875739,Max,2011-07-26,1.0,100%,f,1,13
22842174,Carrie,2014-10-22,0.8,33%,f,1,13
18202088,Beantown Suites,2014-07-16,0.97,81%,f,21,13
25064382,Al,2014-12-21,1.0,69%,f,7,13
38352201,John,2015-07-13,0.9,67%,f,3,13
5622624,Ashley,2013-03-25,1.0,89%,f,1,13
38188681,Melissa,2015-07-11,1.0,100%,f,1,13
36992931,Ryan,2015-06-28,1.0,100%,f,1,13
25188,Seamless,2009-07-10,0.89,45%,f,558,14
20079643,Pierre,2014-08-15,0.9,71%,f,4,14
30283594,Kara,2015-03-30,0.98,55%,f,749,14
4962900,Stay Alfred,2013-02-04,1.0,36%,f,307,14
1522161,Marcus,2011-12-20,1.0,100%,f,1,14
19470226,Tarek,2014-08-04,1.0,100%,f,2,14
28763698,Eleanore,2015-03-04,1.0,70%,f,2,14
25308015,Anthony,2014-12-28,1.0,100%,f,3,14
22541573,Ken,2014-10-14,1.0,69%,f,122,14
9419684,Mike,2013-10-14,0.96,68%,f,313,14
45038647,Thomas,2015-09-24,1.0,100%,f,2,14
42573767,Trevor,2015-08-26,1.0,,f,1,14
23889290,Christian,2014-11-18,1.0,100%,f,1,14
53144645,Stephanie,2016-01-03,1.0,,f,1,14
36811327,Carolyn,2015-06-26,1.0,,f,1,14
13822322,Varouj,2014-04-02,0.9,90%,f,2,14
89153895,Elizabeth,2016-08-10,1.0,100%,f,1,14
508268,Richard,2011-04-14,1.0,87%,t,12,14
26988,Anne,2009-07-22,1.0,93%,f,12,15
43810746,John,2015-09-09,1.0,90%,f,1,15
280497,Sarah,2010-11-07,0.9,0%,f,1,15
2120816,Larry David,2012-04-11,0.75,100%,f,1,15
28525504,Allegra,2015-02-28,0.6,43%,f,1,15
741190,Vincent,2011-06-24,1.0,100%,f,1,15
5873558,Alan,2013-04-11,1.0,79%,f,1,15
41383849,Hweekyoung,2015-08-13,1.0,,f,1,15
27446821,Jean-Pierre,2015-02-08,1.0,,f,1,15
3023813,C. Max,2012-07-23,0.92,76%,t,2,15
51673899,Harriette Ferne,2015-12-18,0.77,33%,f,16,15
45167058,Weston,2015-09-26,1.0,,f,1,15
83781248,Kyra,2016-07-14,1.0,100%,f,1,15
7000428,Tiffany,2013-06-19,1.0,0%,f,4,15
287564,Susan,2010-11-15,1.0,,f,1,15
33910770,Jp,2015-05-21,1.0,100%,f,1,15
5618949,Alan,2013-03-25,1.0,94%,f,11,15
58330337,Norah,2016-02-11,1.0,100%,f,2,15
8924578,Matteo,2013-09-18,0.14,90%,f,3,15
1846434,Jj,2012-03-02,0.97,95%,f,4,15
12192889,Christina,2014-02-12,1.0,83%,f,1,15
10844648,Janet,2013-12-27,0.9,100%,f,1,15
29503737,Victoria,2015-03-17,0.9,56%,f,1,15
15681500,Jay,2014-05-18,1.0,100%,f,1,15
814298,Brent,2011-07-13,0.98,66%,f,22,15
22348222,Alicia,2014-10-09,1.0,91%,f,52,15
21184200,Paige,2014-09-10,0.99,81%,f,30,15
29568033,Tracey,2015-03-18,1.0,100%,f,1,15
42525742,Brandon,2015-08-25,1.0,90%,f,1,15
2100288,Anwar,2012-04-09,1.0,,f,1,15
9402135,Lev,2013-10-13,1.0,100%,t,2,15
6885890,Jonathan,2013-06-12,1.0,100%,t,1,15
47283683,Alex,2015-10-23,1.0,94%,f,7,15
9557759,Alberto,2013-10-21,0.38,77%,f,2,15
15892865,Michael,2014-05-23,1.0,33%,f,1,15
11206328,Natasha,2014-01-11,0.9,77%,f,1,15
47470056,Kevin,2015-10-26,1.0,100%,t,1,15
13435932,Tom,2014-03-23,1.0,92%,f,5,15
28090138,Gloria,2015-02-21,1.0,100%,f,3,15
48494513,Inn Boston,2015-11-08,0.91,94%,f,11,15
38119495,Scott,2015-07-10,1.0,100%,f,1,15
50688211,Michael And Samantha,2015-12-06,1.0,71%,f,1,15
35409793,Maggie,2015-06-09,1.0,29%,f,1,15
2894162,Maggie,2012-07-10,1.0,100%,f,1,15
4608023,Isabella,2013-01-06,0.93,70%,f,1,15
6508758,Xerxes,2013-05-21,1.0,91%,f,1,15
11017004,Kevin,2014-01-04,1.0,100%,f,1,15
79365228,Jessica,2016-06-22,1.0,83%,f,3,15
39934024,Jim,2015-07-29,1.0,100%,t,1,15
58930331,Yurina,2016-02-15,1.0,86%,f,1,15
23901135,Lucy,2014-11-18,1.0,100%,f,1,15
14587487,Cara,2014-04-22,0.7,77%,t,2,15
35486394,Emily,2015-06-10,1.0,100%,t,1,15
1444340,Will,2011-11-26,0.98,68%,f,24,15
8295290,Giuseppe,2013-08-21,1.0,93%,f,7,15
41328752,Patrick,2015-08-12,1.0,,f,1,15
42726977,Thomas,2015-08-27,0.96,100%,f,3,15
93051119,Mary,2016-09-01,1.0,,f,1,15
45290513,Carly,2015-09-28,0.85,80%,f,1,15
82529160,Mario,2016-07-08,1.0,100%,f,5,15
47990609,Carmela,2015-11-02,1.0,94%,f,2,15
36204532,Brett,2015-06-19,1.0,,f,1,15
1675966,George,2012-01-30,0.9,91%,f,1,15
27075316,Lynne,2015-02-01,1.0,100%,f,1,15
93035834,Erika,2016-09-01,1.0,,f,2,15
45651169,Katherine,2015-10-03,1.0,67%,f,1,15
2788083,Simone,2012-06-30,1.0,,f,1,15
26268405,Amanda,2015-01-17,1.0,100%,f,1,15
17351662,Aya,2014-06-28,1.0,67%,f,1,15
1416883,Roger,2011-11-17,1.0,89%,t,2,15
31394729,Sarah,2015-04-17,1.0,81%,f,1,15
25578688,Giulio,2015-01-04,1.0,100%,f,1,15
5670307,Carol,2013-03-28,1.0,100%,f,1,15
47719377,Erin,2015-10-29,1.0,,f,1,15
1369968,Christopher,2011-11-04,1.0,100%,f,3,15
81015711,Larry,2016-06-30,1.0,100%,f,1,15
12556651,Jaysa,2014-02-25,1.0,67%,t,4,15
17288874,Joseph,2014-06-26,1.0,100%,f,1,15
20857768,Adam,2014-09-02,1.0,67%,f,15,15
6902661,Aditya,2013-06-13,1.0,,f,1,15
2319506,Jack,2012-05-08,1.0,93%,f,1,15
53427121,Michael,2016-01-05,1.0,72%,f,1,15
4445874,Sean,2012-12-19,0.67,100%,f,1,15
29187425,Olja,2015-03-11,1.0,92%,f,2,15
10502779,Peter,2013-12-08,1.0,100%,t,2,15
34950334,Patrick,2015-06-03,0.8,100%,f,1,15
33865671,Rogelio,2015-05-20,1.0,,f,1,15
9561791,Lindsay,2013-10-21,1.0,52%,f,1,15
56225393,Rebecca,2016-01-26,1.0,,f,1,15
5521363,Amy,2013-03-18,1.0,80%,f,1,15
3654852,Jay,2012-09-23,1.0,93%,f,7,15
690922,Arthur,2011-06-11,1.0,100%,f,2,15
5361449,Galen,2013-03-07,0.9,100%,f,1,15
324630,Sean,2010-12-21,1.0,100%,f,7,15
50314416,Julie,2015-12-01,1.0,100%,f,1,15
19357187,Paul,2014-08-02,1.0,100%,t,1,15
60362084,Bradford,2016-02-25,1.0,100%,f,1,15
45615983,Rosanna,2015-10-02,1.0,96%,f,1,15
7981083,Dennis,2013-08-06,1.0,75%,f,1,15
35473489,Cindy,2015-06-10,1.0,,f,1,15
2006852,Jay,2012-03-25,1.0,89%,t,5,15
33653954,Lia,2015-05-18,1.0,88%,t,1,15
93112,Henry And Lisa,2010-03-14,1.0,86%,f,6,15
41766550,Mike,2015-08-17,1.0,83%,f,1,15
35742537,Tanya,2015-06-14,1.0,100%,f,3,15
28123912,Ned,2015-02-21,1.0,100%,t,2,15
33294128,Philip,2015-05-13,1.0,91%,f,1,15
54815922,Nancy,2016-01-16,0.94,87%,f,1,15
21799545,Sam,2014-09-26,1.0,,f,1,15
11492081,Courtney And Martine,2014-01-20,0.6,60%,f,1,15
8158181,Tony,2013-08-14,1.0,,f,1,15
10849730,Kara,2013-12-27,1.0,100%,f,1,15
25188,Seamless,2009-07-10,0.89,45%,f,558,15
28243100,Jaclyn,2015-02-23,1.0,,f,1,15
11308029,Liz,2014-01-14,1.0,75%,t,1,15
1118374,Matthew,2011-09-06,1.0,96%,f,4,15
62256647,Jen,2016-03-09,1.0,88%,f,1,15
9410008,Jason,2013-10-13,1.0,99%,t,15,15
2946638,S,2012-07-15,1.0,100%,f,1,15
45692962,Brynn,2015-10-03,1.0,100%,t,1,15
25308015,Anthony,2014-12-28,1.0,100%,f,3,15
362507,Can,2011-01-25,1.0,100%,f,2,15
31455667,Quinn,2015-04-18,1.0,100%,t,1,15
23531248,Andrea,2014-11-09,1.0,58%,f,1,15
62197455,Chris,2016-03-09,1.0,100%,f,1,15
22052842,Greg,2014-10-02,1.0,25%,f,1,15
20907980,Jay,2014-09-03,1.0,87%,f,1,15
9240628,Patrick,2013-10-05,0.67,100%,f,1,15
7629859,Bernardo,2013-07-21,1.0,100%,t,1,15
32228249,Sarah,2015-04-29,1.0,,f,1,15
6065334,Dave,2013-04-23,1.0,100%,f,1,15
19035416,Scott,2014-07-28,0.6,96%,f,1,15
1587128,Daniel,2012-01-09,1.0,,f,1,15
4020046,Krysti,2012-10-31,0.95,100%,f,2,15
44948848,Sean,2015-09-23,1.0,92%,f,2,15
83554697,Ashley,2016-07-13,1.0,100%,f,1,15
3462813,Tuomas,2012-09-03,1.0,88%,f,2,15
17887117,Nike,2014-07-09,1.0,100%,f,1,15
2503703,Susan,2012-05-30,1.0,100%,f,1,15
26303242,Mark And Ashley,2015-01-18,1.0,100%,f,1,15
2356643,Ahmed,2012-05-12,0.94,84%,f,18,16
15035971,Nancy,2014-05-03,1.0,,f,1,16
25188,Seamless,2009-07-10,0.89,45%,f,558,16
12243051,Flatbook,2014-02-14,0.71,98%,f,363,16
24559114,Nicole,2014-12-06,1.0,,f,1,16
22591136,Hasan Oguz,2014-10-15,0.98,72%,f,6,16
2555135,Louise,2012-06-05,1.0,,f,1,16
16938558,Rex,2014-06-18,0.97,63%,f,2,16
82576049,Tung,2016-07-08,1.0,100%,f,1,16
18477814,Karen,2014-07-20,1.0,100%,f,1,16
4962900,Stay Alfred,2013-02-04,1.0,36%,f,307,16
56359408,Billy,2016-01-27,1.0,61%,f,3,16
5618949,Alan,2013-03-25,1.0,94%,f,11,16
22304512,Juan,2014-10-08,1.0,69%,f,1,16
43959997,Emma,2015-09-11,1.0,99%,f,4,16
757253,Nathaniel,2011-06-29,1.0,95%,f,2,16
2329611,Jon,2012-05-09,1.0,100%,f,1,16
11272292,Rebecca,2014-01-13,0.97,100%,f,4,16
22541573,Ken,2014-10-14,1.0,69%,f,122,16
87226338,Coach,2016-08-01,1.0,,f,1,16
28662502,Tiffany,2015-03-03,1.0,100%,t,1,16
36981635,Patt,2015-06-28,0.86,99%,f,5,16
59334069,Jesse,2016-02-18,1.0,,f,1,16
86576589,Janiene,2016-07-28,1.0,,f,1,16
1118374,Matthew,2011-09-06,1.0,96%,f,4,16
43942636,Terry And CJ,2015-09-11,1.0,67%,t,1,16
32088178,Christine,2015-04-27,1.0,,f,1,16
26988,Anne,2009-07-22,1.0,93%,f,12,16
9671845,Larry,2013-10-28,1.0,,f,1,16
47486176,Jack,2015-10-26,1.0,98%,f,3,16
25757249,Jason,2015-01-07,1.0,93%,f,1,16
43888695,Jeffrey,2015-09-10,1.0,0%,f,1,16
2237819,Katie Beth,2012-04-27,1.0,,f,1,16
54404109,Roger,2016-01-12,1.0,,f,1,16
10896845,Shafrit,2013-12-29,0.9,100%,f,1,16
30283594,Kara,2015-03-30,0.98,55%,f,749,16
28241697,Nawab,2015-02-23,1.0,,f,1,16
19917804,Marisa,2014-08-12,1.0,100%,t,1,16
34226261,Flora,2015-05-25,1.0,100%,f,1,16
178829,John,2010-07-23,1.0,,f,1,16
45824588,Matt,2015-10-05,1.0,100%,f,1,16
3274255,Bella,2012-08-15,1.0,57%,f,2,16
25655149,Jeff,2015-01-05,1.0,67%,t,2,16
20857768,Adam,2014-09-02,1.0,67%,f,15,16
19470226,Tarek,2014-08-04,1.0,100%,f,2,16
1846434,Jj,2012-03-02,0.97,95%,f,4,16
49420203,Patrick,2015-11-19,1.0,,f,1,16
19834500,Umur,2014-08-11,1.0,,f,1,16
46076242,Boston Elkin,2015-10-08,1.0,100%,f,1,16
799496,Jin,2011-07-10,1.0,96%,f,2,16
3137257,Furnished Rentals,2012-08-02,0.97,84%,f,11,16
22348222,Alicia,2014-10-09,1.0,91%,f,52,16
15588404,Jennifer,2014-05-16,1.0,56%,f,1,16
20582119,Jeff,2014-08-26,1.0,99%,f,4,16
11792930,Jing,2014-01-30,1.0,33%,f,1,16
6223931,Richard,2013-05-04,1.0,,f,1,16
21361004,Sally,2014-09-15,1.0,,f,1,16
17893434,Christopher,2014-07-09,1.0,,f,1,16
7069145,Brian,2013-06-23,1.0,,f,1,16
39237801,Doug,2015-07-22,1.0,,f,1,16
88360952,Tony,2016-08-06,1.0,100%,f,1,16
81626490,Mike,2016-07-04,0.63,100%,f,1,16
31804748,Dave,2015-04-23,1.0,95%,f,4,16
25700968,Wentao,2015-01-06,0.98,94%,f,3,16
93031650,Kay,2016-09-01,1.0,,f,1,16
10669839,John,2013-12-17,1.0,,f,1,16
7849580,Ann-Marie,2013-07-31,1.0,100%,f,1,16
1760577,Claire,2012-02-16,1.0,100%,f,2,16
508268,Richard,2011-04-14,1.0,87%,t,12,16
46285032,Eyes,2015-10-11,1.0,,f,1,16
665668,Richelle,2011-06-05,1.0,,f,1,16
55316424,Emma + Janine,2016-01-19,1.0,92%,f,1,16
28464849,Lynette,2015-02-27,1.0,,f,1,16
7670021,Diana,2013-07-23,0.86,100%,f,1,16
41100756,Katharine,2015-08-10,1.0,100%,f,1,16
30905023,Kierstyn,2015-04-09,1.0,86%,t,1,16
26985683,Keith,2015-01-31,1.0,100%,f,1,16
18969796,Kashif,2014-07-27,1.0,,f,1,16
21851356,Gustavo,2014-09-27,1.0,100%,f,4,16
5380487,Raffi,2013-03-08,1.0,,f,1,16
39584749,Shemesh,2015-07-26,1.0,100%,f,1,16
23955944,Jodi,2014-11-19,0.89,100%,f,2,16
389733,Matthew,2011-02-13,1.0,,f,1,16
40946436,John,2015-08-09,1.0,100%,t,1,16
84991497,Qing,2016-07-20,1.0,100%,f,2,16
5367536,Max,2013-03-07,0.75,100%,f,1,16
480310,Michael,2011-04-03,1.0,100%,f,1,16
45835636,John,2015-10-05,0.92,54%,f,45,16
74813179,Mike,2016-05-30,1.0,91%,f,1,16
68137928,Jeffrey,2016-04-20,1.0,78%,f,3,16
27450054,Shawn,2015-02-09,1.0,96%,f,1,16
32252660,Nancy,2015-04-30,1.0,91%,f,1,16
81301451,Azize And Vivian,2016-07-02,1.0,100%,f,1,16
3755714,Nicholas,2012-10-04,1.0,,f,1,16
20043917,Jose,2014-08-14,1.0,50%,f,1,16
18117392,Mike,2014-07-14,1.0,100%,f,1,16
70018264,Alan,2016-05-02,1.0,,f,1,16
27293241,Ismail,2015-02-05,0.5,100%,f,1,16
40140104,Arcadius,2015-07-31,1.0,100%,f,1,16
50072079,Charles,2015-11-28,1.0,100%,f,3,16
71536024,Bill,2016-05-11,1.0,96%,t,2,16
9419684,Mike,2013-10-14,0.96,68%,f,313,16
17045533,Lilly,2014-06-20,0.83,100%,f,1,16
1911807,Chris,2012-03-12,1.0,89%,t,1,16
41456680,Susan,2015-08-14,0.9,67%,t,2,16
12776560,Stefanie,2014-03-03,1.0,100%,f,1,16
71965368,Tal,2016-05-14,0.0,100%,f,1,17
25188,Seamless,2009-07-10,0.89,45%,f,558,17
32823196,Joshua,2015-05-07,0.43,67%,f,1,17
24904722,Sergio,2014-12-16,1.0,28%,f,1,17
40314351,Ryan,2015-08-02,1.0,,f,1,17
33687245,Elisa,2015-05-18,1.0,,f,1,17
20079643,Pierre,2014-08-15,0.9,71%,f,4,17
30283594,Kara,2015-03-30,0.98,55%,f,749,17
10529861,Katia,2013-12-09,1.0,,f,1,17
6584643,Kate,2013-05-26,1.0,,f,1,17
90512786,Ainur,2016-08-17,1.0,79%,f,3,17
28880663,Amanda,2015-03-06,1.0,,f,1,17
91070657,Manan,2016-08-21,1.0,100%,f,1,17
15102445,Wendy,2014-05-04,1.0,100%,f,2,17
36287718,Dan,2015-06-20,1.0,100%,t,1,17
167745,Angela,2010-07-15,0.7,91%,f,1,17
324630,Sean,2010-12-21,1.0,100%,f,7,17
5618949,Alan,2013-03-25,1.0,94%,f,11,17
71393113,Eric,2016-05-10,1.0,100%,f,6,17
9410008,Jason,2013-10-13,1.0,99%,t,15,17
43450256,Steve,2015-09-05,1.0,100%,f,3,17
52580942,Ben,2015-12-28,1.0,100%,f,2,17
86400771,Elizabeth,2016-07-27,0.97,100%,f,1,17
9419684,Mike,2013-10-14,0.96,68%,f,313,17
69884462,Syed,2016-05-01,1.0,92%,f,1,17
10211215,Hans,2013-11-23,1.0,,f,1,17
24120885,Nihala,2014-11-24,1.0,100%,f,1,17
15812783,John,2014-05-21,1.0,100%,f,1,17
14889768,Danielle And Cory,2014-04-29,1.0,100%,f,1,17
43502861,Randall,2015-09-06,1.0,,f,1,17
18494756,Angelica,2014-07-20,1.0,,f,1,17
14980513,Yair,2015-11-13,1.0,100%,f,2,17
24032418,Ella,2014-11-22,1.0,96%,f,1,17
32373289,Trevon,2015-05-01,1.0,100%,f,1,17
26648875,Echo,2015-01-24,1.0,88%,f,1,17
68586089,An,2016-04-23,1.0,95%,f,1,17
24732813,Son,2014-12-11,0.6,89%,f,1,17
13931840,Dylan,2014-04-05,0.97,98%,f,5,17
18034920,Stella,2014-07-13,0.83,81%,f,1,17
86755107,Sushma,2016-07-29,0.82,100%,f,1,17
32532791,Marie,2015-05-03,1.0,91%,f,37,17
1934182,Brendan,2012-03-16,1.0,,f,1,17
90540199,Ulrich,2016-08-17,1.0,100%,f,1,17
25796770,Susan,2015-01-08,1.0,100%,f,5,17
2914305,Spiro,2012-07-12,0.7,73%,f,1,17
184232,Ashley,2010-07-29,1.0,,f,2,17
47492498,Mohab,2015-10-26,1.0,100%,f,2,17
20434629,E Ric,2014-08-23,1.0,,f,1,17
33319723,Anna,2015-05-13,1.0,83%,f,1,17
22541573,Ken,2014-10-14,1.0,69%,f,122,17
49502551,Violaine,2015-11-20,1.0,100%,f,1,17
76798281,Lilly,2016-06-09,1.0,90%,f,1,17
36128699,Alana,2015-06-18,1.0,,f,1,17
28657432,Edi,2015-03-02,1.0,100%,f,1,17
24456619,Justin,2014-12-03,1.0,,f,1,17
37703603,Jenna,2015-07-06,0.64,93%,f,1,17
34077299,Russell,2015-05-24,0.5,50%,f,1,17
26420664,Michael,2015-01-20,1.0,100%,f,1,17
77937598,Han,2016-06-15,1.0,100%,f,1,17
12790789,Amanda,2014-03-04,1.0,100%,f,2,17
76775380,Evren,2016-06-09,1.0,100%,f,1,17
51094247,Jud,2015-12-11,1.0,,f,1,17
5146306,Constance,2013-02-19,0.89,58%,f,1,17
13366252,Ori,2014-03-21,1.0,93%,f,1,17
71380118,Vladimir,2016-05-10,1.0,,f,1,17
9529655,Suzanne,2013-10-20,1.0,50%,f,2,17
31035017,Jason,2015-04-11,1.0,67%,f,4,17
73329564,Mónica,2016-05-22,0.9,100%,f,1,17
18202088,Beantown Suites,2014-07-16,0.97,81%,f,21,17
20218192,Mark,2014-08-18,1.0,100%,f,1,17
1488999,Krystle,2011-12-09,1.0,90%,f,1,17
92196747,Neza,2016-08-27,1.0,,f,1,17
20857768,Adam,2014-09-02,1.0,67%,f,15,17
47559181,Reitumetse,2015-10-27,1.0,,f,1,17
76224461,JuJu,2016-06-06,1.0,100%,f,1,17
6262335,Katie,2013-05-06,0.93,90%,f,1,17
38103409,Lauren,2015-07-10,1.0,,f,1,17
6591423,Jason,2013-05-26,1.0,,f,1,17
5408506,Brent,2013-03-10,1.0,100%,f,1,17
17407425,Jamison,2014-06-29,1.0,100%,f,1,17
75077108,Sarah,2016-05-31,1.0,100%,f,1,17
32874377,Joyce,2015-05-08,1.0,100%,f,1,17
33659392,Ismail,2015-05-18,1.0,100%,f,1,17
21599409,Thai,2014-09-21,1.0,100%,f,1,17
65474357,Eli,2016-04-02,1.0,91%,f,1,17
21184200,Paige,2014-09-10,0.99,81%,f,30,17
19857480,Flo,2014-08-11,0.94,18%,f,1,17
27569517,Anna,2015-02-11,1.0,,f,1,17
8907338,Abhay,2013-09-18,1.0,,f,1,17
4170200,Anna,2012-11-16,1.0,98%,f,1,17
13633800,Jessie,2014-03-28,0.0,100%,f,1,17
83270862,Lizzy,2016-07-12,0.3,100%,f,1,17
4343802,Mohan,2012-12-06,0.86,71%,f,1,17
48018479,Yining,2015-11-02,1.0,100%,f,1,17
86416621,Alexis,2016-07-27,1.0,100%,f,1,17
1555309,Mathilde,2012-01-01,1.0,100%,f,1,17
50471189,Nadav,2015-12-03,1.0,,f,1,17
60115031,Christopher,2016-02-23,0.0,100%,f,1,17
16684348,"Michelle, Stevie & Tyson",2014-06-11,1.0,,f,1,17
4088721,Thad,2012-11-07,1.0,,f,1,17
32860113,Emily,2015-05-07,1.0,96%,t,1,17
27127153,Gayle,2015-02-02,0.8,67%,f,1,17
41538684,J.,2015-08-15,0.98,65%,f,3,17
12243051,Flatbook,2014-02-14,0.71,98%,f,363,17
1868179,Ryan,2012-03-06,1.0,100%,f,1,17
32278468,Doug,2015-04-30,1.0,82%,t,1,17
48419543,Justin,2015-11-07,1.0,83%,f,1,17
31993940,Sean,2015-04-26,1.0,86%,f,1,17
6967157,Fiona,2013-06-17,1.0,,f,1,17
29336905,Emily,2015-03-14,1.0,50%,f,1,17
46846483,Giannoula,2015-10-18,1.0,100%,f,1,17
23181076,Iain,2014-10-31,1.0,25%,f,1,17
10132799,Ezra,2013-11-19,1.0,71%,f,2,17
12340193,Matthew,2014-02-18,1.0,,f,1,17
44536131,Amaan,2015-09-18,0.5,85%,f,1,17
20162776,Lior,2014-08-17,0.9,100%,f,1,17
60374290,Jennifer,2016-02-25,0.8,80%,f,1,17
47928161,Jorge,2015-11-01,1.0,,f,1,17
9617517,Armand,2013-10-24,1.0,100%,t,1,17
47487818,Kayla,2015-10-26,1.0,,f,1,17
31204913,Anfisa,2015-04-14,0.3,94%,f,1,17
15144533,Brian,2014-05-05,1.0,0%,f,1,17
81981091,Alonzo & Grace,2016-07-05,1.0,100%,f,1,17
80570686,Sienna,2016-06-28,1.0,100%,f,1,17
39481873,Lauren,2015-07-24,1.0,,f,1,17
36496544,Lively,2015-06-23,0.5,100%,f,1,17
17194624,Bernie,2014-06-24,0.96,95%,f,4,17
8012996,Alice,2013-08-07,1.0,,f,1,17
18824139,Brendan,2014-07-24,0.9,46%,t,1,17
46814477,Tao,2015-10-18,1.0,100%,f,1,17
47328881,Stephanie,2015-10-24,1.0,,f,1,17
52470335,Junmin,2015-12-27,1.0,,f,1,17
42756180,Sara,2015-08-28,1.0,,f,1,17
159160,Deborah,2010-07-06,1.0,83%,t,1,17
27871255,Tiff,2015-02-17,1.0,100%,f,1,17
51373748,Yiling,2015-12-15,1.0,,f,1,17
42847628,Wan,2015-08-29,1.0,,f,1,17
66750863,Vivek,2016-04-11,1.0,59%,f,1,17
2928092,Jon & JP,2012-07-13,1.0,0%,f,3,17
51899080,Ashlee,2015-12-21,1.0,94%,f,1,17
35990162,Gerald,2015-06-16,1.0,100%,f,1,17
4789734,Andrew,2013-01-21,0.75,74%,f,1,17
84987667,Anne,2016-07-20,1.0,80%,f,1,17
7825154,Ariel,2013-07-30,1.0,,f,1,17
33386421,Victor,2015-05-14,1.0,,f,1,17
23822417,Barbara + Tyler,2014-11-16,1.0,50%,f,1,17
23029544,Jamie,2014-10-27,0.9,100%,f,1,17
22781505,Samantha,2014-10-20,1.0,100%,f,1,17
10477120,Gary,2013-12-06,1.0,100%,f,2,17
42073056,Filipe,2015-08-20,1.0,100%,f,1,17
44341268,Tony,2015-09-16,1.0,100%,f,1,17
60081407,Lakshmi,2016-02-23,1.0,,f,1,17
10258834,Jared,2013-11-25,1.0,100%,f,1,17
88157615,Krystal,2016-08-05,0.4,100%,f,1,17
71783,Lance,2010-01-19,0.73,91%,f,10,17
9669662,Jasbir,2013-10-27,1.0,,f,1,17
57050977,Gaël-Etienne,2016-02-01,0.73,83%,f,1,17
1716576,David,2012-02-07,1.0,,f,1,17
89873768,Praveen,2016-08-14,1.0,100%,f,1,17
3975862,Laura,2012-10-25,1.0,,f,1,17
24257739,Emery,2014-11-28,0.19,100%,f,1,17
27496706,Brian,2015-02-09,1.0,83%,f,1,17
29227463,Dylan,2015-03-12,0.88,67%,f,1,17
10370843,Marco,2013-12-01,1.0,44%,f,1,17
41720242,Irv,2015-08-17,0.9,100%,f,3,17
4121218,Andree,2012-11-11,1.0,100%,f,1,17
958639,Larry,2011-08-11,1.0,100%,t,2,17
9967305,Kelly,2013-11-12,0.96,81%,f,2,17
70007887,Liam,2016-05-02,1.0,,f,1,17
11890037,Will & Mari,2014-02-03,1.0,,f,1,17
65476280,Marvin,2016-04-02,0.0,100%,f,1,18
68940610,Felipe,2016-04-25,0.79,88%,f,2,18
9508341,Phyllis,2013-10-18,1.0,100%,f,2,18
18145041,Erin,2014-07-15,1.0,100%,t,1,18
26956083,Todd,2015-01-30,0.99,93%,f,24,18
7198154,Marlo,2013-06-30,1.0,95%,t,3,18
18109786,Catherine,2014-07-14,1.0,100%,f,1,18
2005394,Sally & Bruce,2012-03-25,1.0,89%,f,2,18
27425562,Ben,2015-02-08,1.0,100%,f,1,18
83560942,Angela,2016-07-13,1.0,100%,f,1,18
56649366,Jazmyne,2016-01-29,1.0,100%,f,1,18
84349533,Ale & Moe,2016-07-17,1.0,100%,f,1,18
25330263,Muhammed Matt,2014-12-29,1.0,,f,1,18
36468245,Gaurav,2015-06-22,1.0,100%,t,1,18
36965419,Patarasak,2015-06-28,1.0,,f,1,18
90839028,Jiayi,2016-08-19,1.0,100%,f,1,18
56660616,Kyle,2016-01-29,1.0,100%,f,1,18
29066313,Andy,2015-03-09,1.0,100%,f,4,18
11474005,John,2014-01-20,1.0,38%,f,1,18
50646598,Alena,2015-12-06,1.0,63%,f,9,18
16922109,Vanessa,2014-06-17,1.0,,f,1,18
23752099,Shawna,2014-11-14,0.85,78%,f,2,18
78433797,Elizabeth,2016-06-18,1.0,100%,f,1,18
27805870,Eileen,2015-02-15,1.0,,f,1,18
54664198,Stuart,2016-01-14,1.0,,f,1,18
17177989,Ai-Ying,2014-06-24,1.0,100%,t,1,18
22585074,Joanna,2014-10-15,1.0,,f,1,18
13004639,Sergiusz,2014-03-10,0.9,91%,t,2,18
73841295,Ruth,2016-05-24,1.0,100%,f,3,18
46024636,Paul,2015-10-07,1.0,100%,f,1,18
6210771,Matthew,2013-05-03,0.69,100%,f,1,18
405376,Randi,2011-02-22,1.0,50%,f,2,18
69422156,Zhengyang,2016-04-28,0.67,67%,f,1,18
91968083,Maureen,2016-08-26,1.0,,f,1,18
739438,Kathleen,2011-06-24,1.0,62%,f,2,18
28254412,April,2015-02-23,1.0,,f,1,18
44083241,Solo,2015-09-13,1.0,,f,1,18
29224952,Shoshana,2015-03-12,1.0,,f,1,18
50437930,Misha,2015-12-03,1.0,100%,f,1,18
10550788,Emily,2013-12-10,0.9,100%,f,1,18
27858335,Alex,2015-02-16,1.0,,f,1,18
35423230,Den,2015-06-09,1.0,33%,f,6,18
11051232,Lucille,2014-01-05,1.0,100%,f,1,18
77158766,Eunice,2016-06-11,1.0,94%,f,5,18
31611419,Lynn,2015-04-20,1.0,,f,1,18
11189145,Christopher,2014-01-10,1.0,,f,1,18
6095174,Rishi,2013-04-25,1.0,,f,1,18
15575274,Sa,2014-05-15,1.0,100%,f,2,18
8023405,Artur,2013-08-08,1.0,100%,f,1,18
31340713,Kama,2015-04-16,1.0,100%,f,17,18
6311939,Sonu,2013-05-09,1.0,77%,f,1,18
1781817,Raquel,2012-02-20,1.0,100%,f,1,18
33979251,Allen,2015-05-22,1.0,,f,1,18
61145575,Anais,2016-03-01,1.0,100%,f,1,18
78345234,Yeana,2016-06-17,1.0,,f,1,18
3690995,Jane,2012-09-27,1.0,70%,f,2,18
22683865,Richard,2014-10-18,1.0,,f,1,18
10133129,Alp,2013-11-19,1.0,,f,1,18
48532923,Robbie,2015-11-08,1.0,100%,f,1,18
82946167,Yuan,2016-07-10,1.0,100%,f,4,18
14004174,Svetlana,2014-04-07,1.0,94%,f,1,18
873460,Marla,2011-07-26,1.0,,f,1,18
7855516,Pamela,2013-07-31,0.75,91%,f,2,18
18396057,Joshua,2014-07-19,1.0,73%,f,1,18
306407,Valery,2010-12-01,1.0,100%,f,1,18
89089164,Ellen,2016-08-10,1.0,100%,f,1,18
36453929,James & Afeng,2015-06-22,1.0,100%,f,2,18
73947522,Kelsey,2016-05-25,1.0,100%,f,1,18
26873897,Vincent,2015-01-28,1.0,,f,1,18
44851947,James And Pierre,2015-09-22,1.0,96%,t,2,18
44544181,Eve,2015-09-19,0.9,67%,f,1,18
2315920,Sarah,2012-05-07,1.0,87%,f,1,18
24124767,Jeff,2014-11-24,1.0,100%,f,1,18
8130814,Lison,2013-08-13,1.0,100%,f,2,18
16755950,Matt,2014-06-13,1.0,0%,f,1,18
8654826,Michael,2013-09-05,1.0,80%,f,1,18
60344161,Clemente,2016-02-25,1.0,100%,f,1,18
9492322,Brittany,2013-10-17,1.0,,f,1,18
15019209,Tuvia,2014-05-02,1.0,,f,1,18
79566228,Mark,2016-06-23,1.0,100%,f,1,18
68779474,Steven,2016-04-25,1.0,100%,f,1,18
63617461,Natalia,2016-03-19,1.0,100%,f,1,18
7613147,David,2013-07-20,1.0,100%,f,1,18
3765817,Frank,2012-10-05,1.0,100%,t,1,18
10024266,Jarah,2013-11-15,1.0,92%,f,1,18
61322326,Phoebe,2016-03-02,1.0,,f,1,18
49027294,Daria,2015-11-14,1.0,,f,1,18
81160490,Faruk,2016-07-01,1.0,86%,f,2,18
314580,Jesse,2010-12-09,1.0,92%,f,1,18
12243051,Flatbook,2014-02-14,0.71,98%,f,363,18
2327276,Asem,2012-05-09,1.0,,f,1,18
57951755,Andrea,2016-02-08,1.0,0%,t,1,18
24075349,Andrew,2014-11-23,1.0,100%,f,1,18
12996682,Lorin,2014-03-10,1.0,81%,f,1,18
24158689,Deborah,2014-11-25,0.95,60%,f,3,18
7134587,Gabriela,2013-06-26,1.0,,f,1,18
39459066,Kensley,2015-07-24,0.94,91%,f,3,18
48796146,Ryan,2015-11-11,1.0,,f,1,18
43777733,Marc,2015-09-09,1.0,100%,f,1,18
6481306,Mona,2013-05-20,1.0,80%,f,1,18
697401,Nick,2011-06-13,1.0,100%,f,2,18
74705197,Qihao,2016-05-29,1.0,100%,f,1,18
67822066,Yicong,2016-04-18,1.0,,f,1,18
21821132,Carlos Mauricio,2014-09-26,1.0,100%,f,1,18
72014205,Patille,2016-05-14,0.8,33%,f,1,18
26704689,Mac,2015-01-25,1.0,99%,t,7,18
9189449,Cindy,2013-10-02,0.95,99%,f,6,18
93115614,Selim,2016-09-02,1.0,,f,1,18
1123263,Deepti & Michael,2011-09-07,1.0,100%,f,1,18
50399243,Monica,2015-12-02,0.5,100%,f,1,18
6468409,Katharina,2013-05-19,1.0,71%,f,1,18
32626502,William,2015-05-04,1.0,100%,f,1,18
38302832,Jacklyn,2015-07-13,1.0,100%,t,1,18
12165186,Masha,2014-02-11,0.95,67%,f,3,18
7640908,Tom,2013-07-22,1.0,91%,t,1,18
42231579,O. Alex,2015-08-22,1.0,100%,f,1,18
546854,Sanjay,2011-04-30,1.0,100%,f,3,18
33037385,Brij,2015-05-10,1.0,100%,f,1,18
1112168,Megan,2011-09-05,0.78,92%,f,2,18
9795590,Patrick,2013-11-03,1.0,,f,1,18
1521296,Yossi,2011-12-20,1.0,100%,f,1,18
37670913,Nan,2015-07-06,1.0,,f,1,18
18290025,Rebekah,2014-07-17,1.0,,f,1,18
93674064,Benjamin,2016-09-05,1.0,,f,1,18
815156,Max,2011-07-13,1.0,100%,f,1,18
60500914,Nayoung,2016-02-26,1.0,,f,1,18
9634183,Sera,2013-10-25,1.0,57%,f,2,18
91411121,Moon,2016-08-23,1.0,100%,f,1,18
19509044,Erin,2014-08-05,1.0,100%,f,1,18
8207666,Greg,2013-08-16,1.0,80%,f,2,18
35975768,Riful,2015-06-16,1.0,100%,f,1,18
6209951,Jeffrey,2013-05-03,1.0,75%,f,1,18
7205617,Mikhail,2013-06-30,1.0,100%,f,1,18
18175186,Mohammad Hassan,2014-07-16,1.0,,f,1,18
23127374,Valerie,2014-10-29,1.0,25%,t,1,18
13217757,Louie,2014-03-17,0.94,100%,f,1,18
43609451,Zeynep,2015-09-07,0.8,85%,f,1,18
7408122,Thanh,2013-07-10,1.0,94%,f,2,18
11722258,Jullian,2014-01-28,1.0,100%,f,1,18
46842652,Emmanuel,2015-10-18,1.0,83%,f,1,18
83168914,Matt,2016-07-11,1.0,71%,f,1,18
88543034,Robert,2016-08-07,0.83,100%,f,1,18
1271326,Tom,2011-10-10,1.0,57%,f,1,19
56874023,Erin,2016-01-31,0.61,100%,f,2,19
4434391,Damon,2012-12-18,1.0,100%,t,2,19
91855319,公主,2016-08-25,1.0,100%,f,2,19
27281334,Gabriela,2015-02-05,1.0,,f,1,19
8015347,Edwin,2013-08-07,1.0,95%,f,3,19
17735272,David,2014-07-06,1.0,,f,1,19
3887707,Em,2012-10-16,0.9,100%,f,3,19
8104501,Annmarie And Earl,2013-08-12,1.0,,f,1,19
69086583,Alex,2016-04-26,1.0,100%,f,1,19
61861112,Erika And Liam,2016-03-06,1.0,100%,f,1,19
19520294,Peter,2014-08-05,1.0,100%,f,1,19
28617972,John,2015-03-02,1.0,100%,f,2,19
43544288,Susan,2015-09-06,1.0,99%,t,5,19
71783,Lance,2010-01-19,0.73,91%,f,10,19
52311253,Amita,2015-12-26,1.0,,f,1,19
2935501,John,2012-07-14,1.0,100%,f,2,19
22348222,Alicia,2014-10-09,1.0,91%,f,52,19
581982,Perihan,2011-05-12,1.0,,f,1,19
23490243,Helen,2014-11-08,1.0,38%,t,1,19
29483150,Irida,2015-03-17,1.0,100%,f,1,19
51026962,Ming,2015-12-10,1.0,92%,f,1,19
9241244,Keith (& Beth),2013-10-05,1.0,95%,t,3,19
41390416,Aslihan,2015-08-13,1.0,,f,1,19
21401498,Edward,2014-09-16,1.0,33%,f,1,19
49712982,Pascal And Laurie,2015-11-23,1.0,100%,f,1,19
34308622,Helene,2015-05-26,0.0,100%,f,1,19
2953540,Meghan & Matt,2012-07-16,1.0,100%,f,1,19
82483307,Helene,2016-07-08,1.0,100%,f,2,19
75909219,Jane,2016-06-05,1.0,100%,f,1,19
19982114,Kate,2014-08-13,1.0,100%,f,3,19
7614614,Yedan,2013-07-20,1.0,100%,f,1,19
68502098,Kristen,2016-04-23,1.0,50%,f,1,19
65498878,Donna,2016-04-02,1.0,100%,f,1,19
784237,Carlos,2011-07-06,1.0,100%,f,1,19
534259,Candice,2011-04-25,1.0,,f,1,19
20598985,Carlotta,2014-08-27,1.0,100%,f,2,20
58356024,Ck,2016-02-11,1.0,100%,f,1,20
81440709,Alexandra,2016-07-03,1.0,100%,f,1,20
7523199,Alex,2013-07-16,1.0,96%,t,1,20
49456626,Norris,2015-11-19,1.0,,f,1,20
50345300,Ashakie,2015-12-02,0.6,50%,f,2,20
3155386,Lissette,2012-08-04,0.8,100%,f,1,20
17890131,Grace & Mark,2014-07-09,1.0,95%,t,1,20
13776857,Katy,2014-04-01,1.0,100%,f,2,20
89209244,Valerie And Joel,2016-08-10,0.67,100%,f,1,20
34609479,Gwen,2015-05-30,1.0,100%,f,1,20
16052189,Jonathan,2014-05-27,0.78,82%,f,6,20
41306542,Becky,2015-08-12,1.0,33%,f,2,20
74813314,Alice,2016-05-30,1.0,92%,f,2,20
75062911,Ron  &  Ignacio,2016-05-31,1.0,100%,f,1,20
35275808,Davis,2015-06-08,1.0,96%,t,1,20
40633284,Marina,2015-08-05,1.0,100%,f,1,20
7303930,Lawrence & Carrie,2013-07-05,1.0,100%,f,1,20
27696228,Jeena,2015-02-13,0.36,71%,f,2,20
41658743,Chris,2015-08-16,1.0,100%,t,1,20
44581223,Andre,2015-09-19,1.0,92%,f,2,20
19466495,Barbara,2014-08-04,0.9,100%,f,1,20
52187617,David,2015-12-24,0.92,100%,f,2,21
4729990,Nicole,2013-01-16,1.0,100%,f,2,21
42952459,Andrew,2015-08-30,1.0,83%,f,1,21
8625838,David,2013-09-04,1.0,83%,f,1,21
11631886,Cynthia,2014-01-25,1.0,100%,f,4,21
50611381,Josh,2015-12-05,0.9,88%,f,1,21
27871799,Althea,2015-02-17,0.89,100%,f,3,21
23209495,Michelle,2014-11-01,1.0,,f,1,21
45942466,William,2015-10-06,0.0,100%,f,1,21
19066350,Eric,2014-07-28,0.8,100%,f,2,21
46575567,Sandy,2015-10-14,1.0,100%,f,2,21
67637928,Yuki,2016-04-17,1.0,100%,f,2,21
12952234,Jack,2014-03-09,1.0,100%,f,1,21
5776160,Walter,2013-04-04,1.0,100%,f,1,21
91099010,Mary,2016-08-21,1.0,100%,f,3,21
47208651,Abdul,2015-10-22,1.0,,f,1,22
12878584,Gabriel,2014-03-06,0.75,0%,f,1,22
52601623,Jean,2015-12-29,0.98,88%,f,7,22
24658662,Mohsen,2014-12-09,1.0,97%,t,2,22
847253,Susan,2011-07-21,1.0,100%,f,3,22
17736943,Drusilla,2014-07-06,0.6,100%,f,1,22
91099010,Mary,2016-08-21,1.0,100%,f,3,22
7799789,Bruce,2013-07-29,1.0,100%,t,3,22
29690250,Manouchka,2015-03-20,1.0,100%,f,1,22
16186589,Marie,2014-05-30,1.0,94%,f,22,22
914630,Bill,2011-08-03,1.0,77%,t,2,22
1171636,William,2011-09-17,0.57,67%,f,1,22
84786354,Novlett,2016-07-19,1.0,100%,f,2,22
31175333,Joyce,2015-04-13,1.0,100%,f,3,22
38701026,Frederique,2015-07-16,1.0,95%,f,3,22
82742837,Bill,2016-07-09,0.71,100%,f,1,22
119019,Hermina,2010-05-05,1.0,100%,f,11,22
10273324,Steven,2013-11-26,1.0,100%,f,2,22
34832265,Lorna,2015-06-02,1.0,95%,f,3,22
6103425,Steve,2013-04-26,0.94,99%,f,5,22
93854106,Pastor,2016-09-06,1.0,,f,1,22
19180140,Paul,2014-07-30,0.93,46%,f,2,22
13124709,Thomas & Jenny,2014-03-14,1.0,99%,f,9,22
4597875,Travis,2013-01-05,0.9,81%,f,2,22
25806655,Carols,2015-01-08,0.75,100%,f,3,22
9090219,Thomas,2013-09-27,1.0,90%,t,1,22
52525218,James,2015-12-28,0.84,89%,f,3,22
92712021,Zulma,2016-08-30,1.0,,f,1,22
53699829,Kathy,2016-01-07,1.0,66%,f,2,22
38080223,Tina,2015-07-10,1.0,100%,f,4,22
6430732,Victoria,2013-05-16,1.0,100%,f,2,22
21674032,John,2014-09-23,1.0,,f,1,22
42018686,Rafael,2015-08-20,0.79,82%,f,2,22
43009413,Sultan,2015-08-31,1.0,,f,1,22
1978999,Bryan,2012-03-21,1.0,100%,f,1,22
8267675,Robrecht,2013-08-19,1.0,100%,f,1,22
2844298,Maiah,2012-07-05,1.0,73%,f,2,22
48020499,Jose,2015-11-02,0.82,56%,f,1,22
42202173,Aubrey,2015-08-22,1.0,,f,1,22
17102895,Tareq,2014-06-22,1.0,,f,1,22
15695135,Bryan,2014-05-18,1.0,,f,1,22
48291778,Siddhant,2015-11-05,1.0,,f,1,22
5163862,Natalie & Kwame,2013-02-20,1.0,100%,f,2,22
6608084,CarneyFamily,2013-05-27,1.0,100%,t,7,22
6964793,Kieran,2013-06-17,1.0,0%,f,1,22
23358100,Soo Ji,2014-11-04,1.0,100%,f,2,22
91521392,Joseph,2016-08-23,0.67,100%,f,2,22
18479599,Agnieszka,2014-07-20,1.0,56%,f,22,22
16881770,Isa,2014-06-16,1.0,100%,f,3,22
21747122,Darren,2014-09-24,1.0,100%,f,1,22
20359780,Scott,2014-08-21,1.0,100%,f,1,22
4776690,Dan,2013-01-20,1.0,94%,f,4,22
27842033,Bernard,2015-02-16,1.0,100%,f,1,22
115522,Nate + Danielle,2010-04-29,1.0,89%,f,2,22
7988017,Polly,2013-08-06,1.0,94%,t,2,22
2225350,Leah,2012-04-25,1.0,,f,1,22
16442921,Orchid,2014-06-05,0.79,100%,f,18,22
34118474,Mike And Rachael,2015-05-24,1.0,97%,f,1,22
63906798,Sulian,2016-03-21,1.0,98%,f,2,22
10720336,Brittania,2013-12-19,1.0,100%,f,0,22
1997048,ToRena,2012-03-23,1.0,100%,f,5,22
66812129,Halit,2016-04-11,1.0,,f,1,22
78915790,Gennaro,2016-06-20,0.9,100%,f,1,22
30342817,Piter,2015-03-31,1.0,100%,f,2,22
2618808,Curtis,2012-06-12,1.0,100%,f,1,22
11341278,Sarah,2014-01-15,1.0,100%,f,1,22
64824435,Kaitlin,2016-03-28,0.96,100%,f,3,22
23953876,Anthony,2014-11-19,0.99,100%,f,2,22
73054142,Kim-Ann,2016-05-20,1.0,100%,f,1,22
83107234,Tiffany,2016-07-11,1.0,100%,f,1,22
2851756,Angela,2012-07-06,1.0,100%,f,1,22
91831056,Yizuo,2016-08-25,1.0,,f,1,22
57812241,Alexia,2016-02-07,1.0,70%,t,8,22
73369316,Brian,2016-05-22,1.0,96%,f,2,22
46813874,Merry,2015-10-17,0.6,100%,f,1,22
4071493,Cynthia,2012-11-06,1.0,100%,f,2,22
54749443,Thanh&Curt,2016-01-15,1.0,100%,f,3,22
15561828,Peter & Stella,2014-05-15,1.0,45%,t,1,22
28184994,Liza,2015-02-22,1.0,100%,f,1,22
494453,Dave,2011-04-08,0.9,78%,f,1,22
22171183,Hussein,2014-10-05,1.0,100%,f,1,22
79326469,Jason,2016-06-22,1.0,100%,f,1,22
271947,Bill,2010-10-26,1.0,100%,f,1,22
5911459,Edan,2013-04-13,1.0,,f,1,22
848964,Carissa,2011-07-21,0.92,69%,f,3,22
19260037,Andy,2014-07-31,1.0,0%,f,1,22
15583990,Natalia,2014-05-15,1.0,98%,f,4,22
4718853,Elisabeth,2013-01-15,1.0,91%,f,2,22
7900634,Marsha,2013-08-02,1.0,100%,f,1,22
20399668,Ananya,2014-08-22,1.0,67%,t,1,22
7480473,Joshua,2013-07-14,1.0,0%,f,1,22
7341841,Carol,2013-07-07,1.0,100%,f,1,22
10264055,Elle,2013-11-25,0.9,81%,f,1,22
9830531,Rebecca,2013-11-05,1.0,74%,f,1,22
18165984,Stacey,2014-07-15,1.0,,f,1,22
37892354,Melissa,2015-07-08,1.0,96%,f,5,22
963111,Elizabeth,2011-08-12,0.5,85%,f,2,22
71783,Lance,2010-01-19,0.73,91%,f,10,22
2863349,Michael,2012-07-07,1.0,93%,f,3,22
72753989,Donnie,2016-05-18,0.7,67%,f,1,22
886871,Nathan,2011-07-28,0.8,100%,f,4,22
21093140,Paul And Lauren,2014-09-08,0.8,75%,f,1,22
52562048,Zipporah,2015-12-28,1.0,100%,f,1,22
9898255,Jessica,2013-11-09,1.0,96%,f,4,22
63588471,Stacy,2016-03-19,0.5,94%,f,1,22
10663539,Laine & Nam,2013-12-16,0.88,93%,f,1,22
66645251,Mary,2016-04-10,1.0,100%,f,1,22
20447366,Jason,2014-08-23,1.0,99%,t,2,22
80766156,Yizuo,2016-06-29,1.0,100%,f,1,22
48679868,Eliza,2015-11-10,1.0,86%,f,1,22
33659711,Dennise,2015-05-18,1.0,100%,f,1,22
2565039,Theresa & Todd,2012-06-06,0.91,100%,f,2,22
5366301,Monther,2013-03-07,1.0,,f,1,22
7447494,Kathryn,2013-07-12,1.0,71%,f,2,22
8202984,Nathan And Kathryn,2013-08-16,1.0,100%,f,1,22
1570388,Kayt,2012-01-05,1.0,,f,1,22
4609373,Tania,2013-01-06,1.0,100%,t,1,22
16059043,Veronika,2014-05-27,1.0,83%,t,1,22
18517776,Huggy,2014-07-21,0.93,57%,f,17,22
14674644,Rob,2014-04-24,1.0,,f,1,22
34532779,Christian,2015-05-29,1.0,99%,f,2,22
52796234,Paul-Eirik,2015-12-30,0.0,100%,f,1,22
25424192,Yonatan,2014-12-31,1.0,100%,f,3,22
16912440,Meaghan,2014-06-17,1.0,50%,f,1,22
31866207,Tim,2015-04-24,1.0,88%,t,7,22
30240262,Matthew And Nathan,2015-03-29,1.0,62%,t,1,22
26062958,Yvonne,2015-01-13,1.0,50%,t,2,22
4463536,Stephanie,2012-12-21,0.4,100%,f,1,22
43078666,Edith,2015-09-01,0.9,80%,f,3,22
24587960,Sun Young,2014-12-07,1.0,100%,f,1,22
10085529,Joshua,2013-11-17,1.0,71%,f,1,22
6105673,Laurence,2013-04-26,1.0,0%,f,1,22
79897849,Jones,2016-06-25,1.0,100%,f,1,22
19250407,Alex (And Bob),2014-07-31,1.0,100%,t,1,22
11544688,Mounir,2014-01-22,1.0,100%,t,1,22
16758066,Osman,2014-06-13,1.0,100%,f,1,22
45192503,Rob,2015-09-27,1.0,100%,t,2,22
39459066,Kensley,2015-07-24,0.94,91%,f,3,22
239850,Theodore,2010-09-20,0.83,0%,f,1,22
43717277,Andy,2015-09-08,0.9,33%,f,1,22
10060070,Diana,2013-11-16,1.0,,f,1,22
50782486,Payton,2015-12-08,1.0,100%,f,2,22
75656187,Sam,2016-06-03,1.0,100%,f,1,22
74670037,Fort Point,2016-05-29,0.67,83%,f,1,23
30283594,Kara,2015-03-30,0.98,55%,f,749,23
18202088,Beantown Suites,2014-07-16,0.97,81%,f,21,23
56520305,Mike,2016-01-28,1.0,,f,1,23
54099374,Jeff,2016-01-10,1.0,100%,f,1,23
25193316,Jimmy,2014-12-25,0.9,92%,f,2,23
845174,Casey,2011-07-20,1.0,82%,f,3,23
66378068,Gabe,2016-04-08,0.91,96%,f,2,23
47664830,Pelican Executive Suites,2015-10-28,1.0,67%,f,7,23
64969164,Patrick,2016-03-29,1.0,97%,f,4,23
499127,Sarah,2011-04-10,1.0,50%,f,1,23
3715298,Alex,2012-09-30,1.0,100%,f,2,23
26853841,Ashley,2015-01-28,1.0,46%,f,1,23
8898897,Taylor,2013-09-17,0.25,100%,f,1,23
43613912,Drew,2015-09-07,1.0,100%,f,1,23
38001139,Robert,2015-07-09,1.0,,f,1,23
9593553,Kathleen,2013-10-23,1.0,,f,1,23
3552836,Grant,2012-09-12,0.67,100%,f,1,23
53581341,Don,2016-01-06,1.0,83%,f,1,23
25188,Seamless,2009-07-10,0.89,45%,f,558,23
9419684,Mike,2013-10-14,0.96,68%,f,313,23
14225772,Karyne,2014-04-13,0.9,100%,f,3,23
13563081,Sean,2014-03-26,1.0,100%,f,1,23
28749942,Fernanda,2015-03-04,0.98,98%,t,13,23
47935628,Jennifer,2015-11-01,1.0,100%,t,1,23
45229943,Emily,2015-09-27,1.0,,f,1,23
23208278,J,2014-11-01,1.0,100%,f,1,23
47858156,Terri,2015-10-31,1.0,,f,1,23
261895,John,2010-10-14,1.0,94%,f,2,23
4004495,Max,2012-10-29,1.0,67%,f,1,23
25281772,Devon,2014-12-27,1.0,92%,f,1,23
45851126,Kelly,2015-10-05,1.0,67%,f,1,23
34584706,George,2015-05-30,0.95,99%,t,8,23
10733730,Bobby,2013-12-20,1.0,65%,f,16,23
4140161,Corporate And Vacation Suites,2012-11-13,1.0,72%,f,71,23
42941679,David,2015-08-30,0.75,20%,f,1,23
53989804,Mo,2016-01-09,0.8,91%,f,1,23
39055334,Surendra,2015-07-20,1.0,,f,1,23
508268,Richard,2011-04-14,1.0,87%,t,12,23
8725557,Brooke,2013-09-09,0.93,100%,f,1,23
44095138,Leo,2015-09-13,0.5,75%,f,1,23
87245627,Nastia,2016-08-01,1.0,,f,1,23
14847079,Adriana,2014-04-28,1.0,,f,1,23
81099079,Molly,2016-07-01,1.0,88%,f,1,23
44013653,Lourdes,2015-09-12,1.0,63%,f,12,23
38510998,Kara,2015-07-14,1.0,100%,f,1,23
73215924,Debbie,2016-05-21,1.0,100%,f,1,23
7075807,John,2013-06-23,1.0,75%,f,1,23
54731245,Daniel,2016-01-15,0.88,100%,f,1,23
1444340,Will,2011-11-26,0.98,68%,f,24,23
80100053,Bret,2016-06-26,1.0,100%,f,1,23
37088123,Danielle,2015-06-29,0.2,100%,f,2,24
814298,Brent,2011-07-13,0.98,66%,f,22,24
6201198,Elizabeth,2013-05-02,1.0,100%,f,2,24
26098645,Manuela,2015-01-14,0.92,100%,f,4,24
21895391,Michael,2014-09-28,1.0,100%,f,1,24
8408214,Sarah,2013-08-26,1.0,100%,f,1,24
25499738,Chris,2015-01-02,0.96,96%,f,2,24
10393465,Gary,2013-12-02,1.0,76%,f,4,24
21890476,Jason,2014-09-28,1.0,97%,t,1,24
68232240,Tyler,2016-04-21,1.0,100%,f,1,24
25716456,James,2015-01-06,1.0,100%,f,1,24
6950436,Jonathan,2013-06-16,1.0,100%,f,6,24
28420948,Jema,2015-02-26,1.0,80%,t,1,24
92878185,Victor,2016-08-31,1.0,,f,2,24
26704689,Mac,2015-01-25,1.0,99%,t,7,24
10252474,Christopher&Dylan,2013-11-25,1.0,79%,f,2,24
38403389,Katarzyna,2015-07-13,1.0,100%,t,2,24
21094197,James,2014-09-08,1.0,100%,f,1,24
54099497,Michael,2016-01-10,1.0,95%,f,8,24
3594203,Shawn,2012-09-17,1.0,99%,f,20,24
7678148,Mike And Emily,2013-07-23,1.0,100%,f,1,24
9410008,Jason,2013-10-13,1.0,99%,t,15,24
53360618,Greg,2016-01-04,1.0,100%,f,1,24
19008767,Ellen,2014-07-27,1.0,98%,f,7,24
23769200,Joel,2014-11-15,1.0,,f,1,24
36221474,Peter,2015-06-19,1.0,100%,f,1,24
8985714,Tj,2013-09-22,0.77,100%,f,1,24
24294559,Suman,2014-11-29,1.0,,f,1,24
61947644,Kenny,2016-03-07,1.0,100%,f,1,24
10332798,Maggie,2013-11-29,1.0,100%,f,1,24
3958442,Jp,2012-10-23,1.0,56%,t,2,24
7271526,Michaela,2013-07-03,0.9,100%,f,3,24
3073029,Elise,2012-07-27,1.0,100%,f,1,24
8157833,Dan,2013-08-14,1.0,91%,f,2,24
20684898,Vanessa,2014-08-29,1.0,100%,f,1,24
17842524,Ryan,2014-07-08,1.0,25%,f,1,24
25390791,Dean,2014-12-30,1.0,100%,f,1,24
51849764,Brendan,2015-12-20,1.0,100%,f,2,24
34343733,Steven,2015-05-27,1.0,97%,f,1,24
49121877,Nick,2015-11-15,1.0,93%,f,1,24
977897,Costa,2011-08-16,1.0,,f,1,24
22257404,Courtney,2014-10-07,1.0,94%,f,2,24
5460465,Andrew & Katie,2013-03-14,1.0,88%,f,1,24
34916087,Robert,2015-06-03,0.93,100%,t,1,24
766862,Nicole,2011-07-01,1.0,,f,1,24
74102843,Andrea,2016-05-26,1.0,100%,f,1,24
20060949,Jesse,2014-08-15,1.0,81%,t,1,24
69384821,Aysegul,2016-04-28,1.0,,f,1,24
23412310,Lacey,2014-11-06,0.8,82%,f,1,24
81846354,Elle,2016-07-05,0.83,100%,f,1,24
72915513,Robert,2016-05-19,0.7,70%,f,2,24
4776690,Dan,2013-01-20,1.0,94%,f,4,24
64969164,Patrick,2016-03-29,1.0,97%,f,4,24
6989109,Kristine,2013-06-18,1.0,100%,f,1,24
40710532,Caroline,2015-08-06,1.0,92%,f,1,24
22235659,Dave,2014-10-07,1.0,,f,1,24
39621923,Kevin,2015-07-26,1.0,,f,1,24
17783651,Tiffany,2014-07-07,1.0,100%,t,2,24
41311781,Philip,2015-08-12,1.0,,f,1,24
19987991,Kenia,2014-08-13,1.0,,f,1,24
21184200,Paige,2014-09-10,0.99,81%,f,30,24
2406043,Alexander,2012-05-18,0.73,50%,f,1,24
67907171,Jennifer,2016-04-19,0.69,95%,f,2,24
15166663,Tomo,2014-05-06,1.0,,f,1,24
21805943,Maxwell,2014-09-26,1.0,80%,f,1,24
11607313,Varsha,2014-01-24,1.0,,f,1,24
14165150,Daniel,2014-04-11,1.0,100%,f,2,24
17109361,Molly,2014-06-22,0.93,69%,f,1,24
3351569,Monique,2012-08-23,1.0,100%,f,1,24
1444340,Will,2011-11-26,0.98,68%,f,24,24
31310602,Niels,2015-04-15,1.0,100%,f,1,24
6814241,Scott,2013-06-09,1.0,,f,1,24
69277254,Ben,2016-04-27,1.0,100%,f,1,24
41662052,Phil,2015-08-16,0.95,100%,f,1,24
953185,Katie,2011-08-10,1.0,78%,t,1,24
49715393,Sarah,2015-11-23,1.0,100%,f,1,24
30408736,Kate,2015-04-01,1.0,,f,1,24
33986390,Emin,2015-05-22,1.0,100%,f,5,24
16866221,Donald,2014-06-16,0.92,85%,t,2,24
4225430,Justine,2012-11-23,1.0,90%,t,1,24
3236611,Ingrid,2012-08-12,1.0,0%,f,1,24
60375320,David,2016-02-25,1.0,100%,f,2,24
20823261,Kevin,2014-09-01,1.0,95%,f,2,24
23718760,Jim,2014-11-13,1.0,,f,1,24
21541399,Mary,2014-09-19,1.0,82%,f,1,24
36057933,James,2015-06-17,1.0,100%,f,1,24
28026197,Jason,2015-02-19,1.0,100%,f,1,24
27889531,Craig,2015-02-17,1.0,80%,f,1,24
10197317,Shannon,2013-11-22,1.0,80%,f,2,24
26734256,Mike,2015-01-26,0.5,100%,f,1,24
9974234,Richard,2013-11-12,1.0,100%,f,1,24
1355344,Meri,2011-10-31,1.0,100%,t,1,24
33049221,Resident,2015-05-10,1.0,,f,1,24
20931226,Tai,2014-09-04,1.0,46%,f,1,24
19032128,Stephen And Megan,2014-07-28,1.0,95%,t,1,24
70064872,Deirdra,2016-05-02,1.0,98%,f,1,24
50942533,Colleen,2015-12-09,1.0,67%,f,1,24
32079650,Danielle,2015-04-27,1.0,,f,1,24
18776251,Melissa,2014-07-24,1.0,100%,t,2,24
15862012,Vicki,2014-05-22,1.0,100%,f,1,24
29112750,Rosie,2015-03-10,1.0,67%,f,1,24
62572217,Julie,2016-03-11,1.0,100%,t,1,24
18046526,Deana And Michael,2014-07-13,1.0,100%,f,1,24
14486505,June,2014-04-19,1.0,74%,f,1,24
970787,Poli,2011-08-14,1.0,87%,f,2,24
71981688,Lindsey,2016-05-14,1.0,46%,f,1,24
28985064,Christina,2015-03-08,1.0,,f,1,24
1417977,Evy,2011-11-17,1.0,100%,f,1,24
63009427,Victoria,2016-03-14,1.0,100%,f,1,24
32783797,James,2015-05-06,1.0,75%,t,1,24
1931881,Mike,2012-03-16,1.0,70%,f,1,24
9572594,Allison,2013-10-22,1.0,50%,f,1,24
23873896,Uge,2014-11-17,1.0,,f,1,24
30473016,Chris,2015-04-02,1.0,,f,1,24
72163500,Chris,2016-05-15,1.0,80%,f,1,24
34122490,Ben,2015-05-24,1.0,,f,1,24
20334603,Stephen,2014-08-20,1.0,100%,f,1,24
36238029,Tucker,2015-06-19,1.0,,f,1,24
616024,Stephanie,2011-05-23,0.8,61%,f,2,24
26347507,Meredith,2015-01-19,1.0,,f,1,24
17814164,Jennifer,2014-07-08,0.8,50%,f,2,24
32541800,Chris,2015-05-03,0.97,96%,f,1,24
91096414,Lauren,2016-08-21,1.0,79%,f,1,24
27840245,Jinny,2015-02-16,1.0,100%,t,1,24
8139434,Ari,2013-08-13,1.0,95%,t,13,25
28056464,Anthony,2015-02-20,0.0,100%,f,2,25
29394026,Leyla,2015-03-15,0.85,100%,f,1,25
2152299,Isaac & Claudia,2012-04-16,1.0,100%,f,2,25
5984885,Nick,2013-04-18,1.0,75%,f,6,25
33835566,Keval,2015-05-20,1.0,,f,1,25
508268,Richard,2011-04-14,1.0,87%,t,12,25
26223574,Artur,2015-01-16,1.0,,f,1,25
705070,Telli,2011-06-15,0.7,50%,f,1,25
78508229,Chloe,2016-06-18,1.0,100%,f,1,25
757253,Nathaniel,2011-06-29,1.0,95%,f,2,25
18604433,Shashank,2014-07-21,1.0,,f,3,25
4240,Giuseppe,2008-11-11,0.9,78%,f,6,25
36885389,Jwon,2015-06-27,1.0,,f,1,25
660123,Steffen,2011-06-03,1.0,100%,f,1,25
31545543,Zack,2015-04-19,1.0,,f,2,25
9189449,Cindy,2013-10-02,0.95,99%,f,6,25
8503981,Elham,2013-08-29,1.0,100%,f,1,25
32304279,Charles And Grace,2015-04-30,1.0,100%,f,5,25
64418839,Alan,2016-03-25,1.0,100%,f,2,25
30489899,Helena,2015-04-02,1.0,67%,f,14,25
31979584,Regina,2015-04-26,1.0,100%,f,1,25
53285192,Sam,2016-01-04,1.0,100%,f,1,25
25149641,Rachid,2014-12-23,1.0,82%,f,6,25
12243051,Flatbook,2014-02-14,0.71,98%,f,363,25
15015493,Sankalp,2014-05-02,1.0,,f,1,25
32150958,David,2015-04-28,1.0,,f,1,25
47477850,Tony,2015-10-26,1.0,100%,f,1,25
17892292,Marlene,2014-07-09,1.0,,f,4,25
49194545,Grace,2015-11-16,1.0,100%,f,1,25
14003826,Mina,2014-04-07,0.33,100%,f,1,25
68572323,Jordan,2016-04-23,1.0,,f,1,25
22089451,Rez,2014-10-03,1.0,,f,1,25
26956083,Todd,2015-01-30,0.99,93%,f,24,25
66095644,Cassandra,2016-04-06,1.0,,f,1,25
25279966,Vj,2014-12-27,1.0,100%,t,2,25
45004988,Cristina,2015-09-24,1.0,67%,t,1,25
48948403,Tate,2015-11-13,1.0,,f,1,25
26754605,Katia,2015-01-26,1.0,60%,f,1,25
19548932,Joe,2014-08-06,1.0,100%,f,8,25
29963974,Nesli,2015-03-25,1.0,,f,1,25
50646598,Alena,2015-12-06,1.0,63%,f,9,25
22531540,Yaoming,2014-10-14,1.0,86%,t,1,25
17576539,Lushan,2014-07-02,1.0,,f,1,25
41090120,Manni,2015-08-10,0.33,100%,f,1,25
14785487,Aihua,2014-04-27,1.0,100%,f,7,25
52364711,Niki,2015-12-26,1.0,67%,f,1,25
55426664,Calvin,2016-01-20,1.0,,f,1,25
10336060,Rebeca,2013-11-29,1.0,,f,1,25
40220824,Gerard,2015-08-01,1.0,100%,f,1,25
15580276,Ammar,2014-05-15,0.06,100%,f,1,25
8793032,Justan,2013-09-12,0.33,100%,f,1,25
28564205,Aanchal,2015-03-01,1.0,,f,1,25
49381951,Olivia,2015-11-18,1.0,,f,1,25
6868321,Gogo,2013-06-12,0.92,97%,f,1,25
44920221,Michel,2015-09-23,1.0,100%,f,1,25
76331237,Chole,2016-06-07,1.0,94%,f,2,25
2051523,Chenkai,2012-04-01,1.0,100%,t,2,25
76590235,Amy L,2016-06-08,0.9,42%,f,1,25
29899026,Heather,2015-03-24,1.0,,f,1,25
22419290,Sylvia,2014-10-11,1.0,,f,1,25
10138187,Sally,2013-11-19,1.0,,f,2,25
35381728,Luson,2015-06-09,1.0,,f,1,25
40649306,Aisha,2015-08-05,0.67,50%,f,1,25
1944123,Marketa,2012-03-17,1.0,100%,f,1,25
68753453,Jarib,2016-04-24,1.0,100%,f,1,25
5992030,Asasia,2013-04-18,1.0,83%,f,1,25
39088458,Jordan,2015-07-21,1.0,,f,1,25
38440,The Farrington Inn,2009-09-14,1.0,42%,f,4,25
25363817,Carl,2014-12-29,0.92,91%,t,2,25
20327499,Renata,2014-08-20,0.9,95%,f,1,25
37366454,Ivy,2015-07-02,0.1,83%,f,2,25
799496,Jin,2011-07-10,1.0,96%,f,2,25
6933825,Estee,2013-06-16,1.0,100%,t,1,25
49741901,Hang,2015-11-23,1.0,98%,f,3,25
18182924,Mar,2014-07-16,1.0,,f,1,25
35068378,Zicong,2015-06-05,1.0,,f,1,25
51321009,Lyn,2015-12-14,1.0,98%,f,2,25
274270,Tony,2010-10-29,1.0,100%,f,1,25
5383468,Cantay,2013-03-09,1.0,88%,t,1,25
8068253,Andrew,2013-08-10,1.0,100%,f,1,25
12711168,Alfredo,2014-03-02,1.0,100%,f,1,25
23775896,Molly,2014-11-15,1.0,100%,f,2,25
30228015,Socrates,2015-03-29,1.0,,f,1,25
43137946,Maribeth,2015-09-01,0.9,56%,f,1,25
12211716,Mark,2014-02-13,1.0,96%,f,1,25
13263766,Olechka,2014-03-18,1.0,93%,f,1,25
38035927,Noah,2015-07-09,1.0,100%,f,1,25
27862749,Alex,2015-02-16,1.0,,f,1,25
67536196,Maani,2016-04-17,0.7,89%,f,1,25
76736786,Chuanyang,2016-06-09,1.0,0%,f,1,25
9993095,Xenia,2013-11-13,1.0,,f,1,25
33370301,Matt,2015-05-14,1.0,,f,1,25
3483194,Max,2012-09-05,1.0,,f,1,25
88908642,Kevin,2016-08-09,1.0,88%,f,1,25
24567367,Julien,2014-12-07,1.0,,f,1,25
30708464,Sean,2015-04-06,1.0,,f,1,25
35423230,Den,2015-06-09,1.0,33%,f,6,25
32018716,Linh,2015-04-26,1.0,,f,1,25
45928495,Carla,2015-10-06,1.0,67%,f,2,25
54553266,Feibiao,2016-01-13,1.0,100%,f,1,25
49651994,Mark,2015-11-22,1.0,,f,1,25
29407427,Gizem,2015-03-15,1.0,100%,f,2,25
274767,Bechir,2010-10-30,1.0,,f,1,25
11159801,Jim,2014-01-09,0.8,88%,f,1,25
6610984,Thibaud,2013-05-28,1.0,58%,f,1,25
378555,Bill & Baifeng,2011-02-05,0.84,74%,f,1,25
4144048,Roger And Sophie,2012-11-13,1.0,100%,t,1,25
56415751,Chloe,2016-01-27,0.95,76%,f,2,25
40888395,Tarek,2015-08-08,1.0,100%,f,1,25
3333602,Roma,2012-08-21,0.33,100%,f,1,25
5235073,Yu-Chen,2013-02-26,1.0,99%,f,3,25
65973859,Saudiyah,2016-04-05,1.0,90%,f,1,25
4365676,Johannes,2012-12-09,1.0,100%,f,1,25
34091427,Isabella,2015-05-24,1.0,100%,f,1,25
2205295,Khurram,2015-12-15,1.0,100%,f,1,25
41921566,Melba,2015-08-19,1.0,96%,f,4,25
9953174,Mengqi,2013-11-11,1.0,,f,1,25
18194953,Natanya,2014-07-16,0.9,100%,f,1,25
24584254,Ak,2014-12-07,1.0,100%,f,1,25
69252303,Jeet,2016-04-27,1.0,100%,f,1,25
69252188,Jeff,2016-04-27,1.0,100%,f,1,25
1169280,Herbie,2011-09-16,1.0,58%,f,1,25
49057418,Shu,2015-11-15,1.0,100%,f,1,25
80361500,Danny,2016-06-27,1.0,100%,f,1,25
59206758,George,2016-02-17,1.0,100%,f,1,25
11132354,Alla,2014-01-08,1.0,100%,f,1,25
77341393,Afsoon,2016-06-12,1.0,55%,f,1,25
15588208,Ali,2014-05-16,1.0,100%,f,1,25
37881504,Gong,2015-07-08,1.0,,f,1,25
41259192,Akshay,2015-08-12,1.0,71%,f,1,25
21983670,Eric,2014-09-30,1.0,,f,1,25
30172860,Nathan,2015-03-28,1.0,77%,t,1,25
15517760,Robert,2014-05-14,1.0,78%,f,1,25
43779441,Tanmay,2015-09-09,1.0,67%,f,1,25
46984941,Omar,2015-10-19,1.0,,f,1,25
20063508,Zhenyang,2014-08-15,1.0,100%,f,1,25
2356643,Ahmed,2012-05-12,0.94,84%,f,18,25
42396951,Katie,2015-08-24,1.0,,f,1,25
3609519,Monica,2012-09-18,1.0,100%,f,1,25
6636693,Yi,2013-05-29,1.0,100%,f,1,25
49546656,Oliver,2015-11-21,1.0,77%,f,1,25
9151990,Roxy,2013-09-30,1.0,100%,f,2,25
41734842,Bendik,2015-08-17,1.0,,f,2,25
13565868,Christie,2014-03-26,1.0,90%,f,1,25
84991497,Qing,2016-07-20,1.0,100%,f,2,25
48969231,Grace,2015-11-13,1.0,100%,f,1,25
911968,Gianluca,2011-08-02,1.0,,f,1,25
6104365,Sarah,2013-04-26,1.0,100%,f,1,25
52133887,Hongjin,2015-12-23,1.0,100%,f,1,25
44536618,Qihui,2015-09-18,1.0,100%,f,1,25
30988954,Lauren,2015-04-10,1.0,,f,1,25
32041326,Kewei,2015-04-27,1.0,,f,1,25
16569506,Alex,2014-06-09,1.0,,f,1,25
20333008,Euan,2014-08-20,1.0,,f,1,25
5350366,Scott,2013-03-06,1.0,100%,t,3,3
78459716,Charles,2016-06-18,1.0,100%,f,4,25
32532791,Marie,2015-05-03,1.0,91%,f,37,18
9419684,Mike,2013-10-14,0.96,68%,f,313,4
19008767,Ellen,2014-07-27,1.0,98%,f,7,25
17476640,John / Evelyn,2014-06-30,1.0,81%,f,5,25
63218173,Sabiela,2016-03-16,1.0,100%,f,6,13
84472717,Tani,2016-07-18,0.86,100%,f,5,25
88521075,Masoud,2016-08-07,1.0,100%,f,1,13
21647935,Ivan / Kim,2014-09-22,1.0,93%,f,4,25
19246369,Joe,2014-07-31,0.96,100%,f,28,13
68367007,Xianxin,2016-04-22,1.0,95%,f,5,13
4292091,Geng,2012-11-30,1.0,100%,f,12,13
90052719,Pohl,2016-08-15,1.0,50%,f,1,25
36981635,Patt,2015-06-28,0.86,99%,f,5,14
42070843,Rachel,2015-08-20,1.0,95%,f,14,13
89884123,Craig,2016-08-14,1.0,100%,f,1,18
45902201,Wencai,2015-10-06,1.0,100%,f,1,3
90615440,Maureen,2016-08-18,1.0,67%,f,1,4
13993089,Nonna,2014-04-07,1.0,100%,f,2,25
28364516,Ryan,2015-02-25,1.0,60%,f,1,13
92650841,Chloe,2016-08-30,1.0,,f,1,4
36947843,Rich,2015-06-28,1.0,,f,1,25
60214403,Melinda,2016-02-24,1.0,,f,1,13
74137888,Chris,2016-05-26,1.0,100%,f,1,25
33913874,Mir,2015-05-21,1.0,100%,f,2,18
21149134,Johanna,2014-09-09,1.0,53%,f,2,13
6331373,Quinn-May,2013-05-11,1.0,100%,f,20,13
90497470,Sofia And Kim,2016-08-17,1.0,100%,f,1,25
50546418,Thomas,2015-12-04,1.0,100%,f,1,25
33906096,Gillian,2015-05-21,1.0,,f,1,25
67981314,Max,2016-04-19,1.0,,f,1,25
11311919,Vera,2014-01-14,0.78,50%,f,1,13
74318064,Medi,2016-05-27,1.0,96%,f,4,13
