listing_id,number_of_reviews,review_scores_rating,reviews_per_month
12147973,0,94.0,
3075044,36,94.0,1.3
6976,41,98.0,0.47
1436513,1,100.0,1.0
7651065,29,99.0,2.25
12386020,8,100.0,1.7
5706985,57,90.0,4.0
2843445,67,96.0,2.38
753446,65,96.0,5.36
849408,33,94.0,1.01
12023024,1,80.0,0.36
1668313,17,94.0,0.48
2684840,1,100.0,0.64
13547301,12,97.0,4.93
5434353,7,91.0,0.56
225979,70,96.0,1.16
3420384,1,100.0,1.0
13512930,1,100.0,0.37
7482195,0,94.0,
7252607,4,95.0,0.29
2583074,31,99.0,1.24
13251243,16,98.0,5.93
225834,38,98.0,0.63
6400432,21,88.0,1.58
5498472,1,100.0,0.07
894539,40,96.0,1.13
879929,43,95.0,1.06
9218312,33,99.0,4.02
321328,11,90.0,0.21
1810172,20,96.0,0.58
6513924,30,92.0,1.93
7093109,2,100.0,0.38
14690527,0,94.0,
7086825,10,98.0,0.72
1861070,17,96.0,0.59
4283698,55,87.0,2.36
10116095,0,94.0,
8548176,24,91.0,2.07
4922204,82,95.0,4.32
4085362,20,97.0,0.87
3755609,21,95.0,0.87
13768853,10,96.0,5.77
1936861,143,98.0,4.39
4461111,2,100.0,0.54
1724900,26,92.0,0.74
13937181,5,96.0,3.13
3968797,29,97.0,1.67
1494726,9,93.0,0.37
8473851,14,99.0,1.23
3575220,8,97.0,0.33
1591827,117,92.0,3.22
3229255,53,99.0,2.07
1721016,3,100.0,0.12
12535687,0,94.0,
12994227,0,94.0,
12927298,2,80.0,1.15
169938,1,94.0,1.0
594693,23,93.0,0.46
2384581,14,93.0,0.46
735970,3,100.0,0.06
4262255,57,99.0,2.48
4000384,58,97.0,2.36
6693305,1,100.0,0.07
6730758,46,97.0,3.03
6248970,68,96.0,4.29
12806707,0,94.0,
14246616,3,73.0,2.73
3703674,4,100.0,0.62
4792901,2,90.0,0.16
5717528,7,94.0,0.48
5601743,18,82.0,1.46
13333862,0,94.0,
519272,9,98.0,0.31
14090779,0,94.0,
8481291,4,100.0,0.36
6990904,19,99.0,1.35
197727,22,99.0,0.36
932853,17,96.0,0.41
11159585,1,100.0,0.21
9677354,7,93.0,1.35
13426831,0,94.0,
7956634,7,97.0,0.78
568234,132,97.0,2.61
1030500,14,88.0,0.35
13652374,0,94.0,
12930651,12,98.0,3.91
3997572,3,100.0,0.12
4223387,43,91.0,1.83
12855396,1,20.0,0.44
12426823,0,94.0,
14361322,0,94.0,
2963419,20,98.0,0.71
5904732,9,93.0,0.53
3591359,26,95.0,1.43
2538536,17,95.0,0.59
4975581,47,94.0,2.57
4767023,9,87.0,0.7
6364042,17,92.0,1.32
7986179,5,92.0,1.5
14109003,0,94.0,
1109224,35,91.0,0.95
1067184,53,95.0,1.32
13215952,0,94.0,
777903,17,94.0,0.43
1301500,13,100.0,1.17
8923817,9,93.0,0.85
14057466,2,90.0,1.67
14909417,0,94.0,
5521378,6,97.0,0.41
13041602,20,96.0,5.41
2621242,6,97.0,0.22
950046,6,90.0,0.16
3342094,14,97.0,0.54
5652147,3,93.0,0.18
14105971,13,100.0,8.67
2875267,148,99.0,5.77
9485607,24,96.0,2.81
7273770,4,90.0,1.11
5405928,10,92.0,0.6
4586681,42,99.0,2.45
1113272,41,94.0,1.25
12647606,8,100.0,1.94
10271867,2,90.0,0.4
7879708,12,100.0,1.08
3881993,8,89.0,0.33
12566065,4,90.0,1.97
6602217,66,90.0,4.25
3276286,39,88.0,1.53
2014651,24,91.0,0.72
6053700,2,100.0,0.13
4405982,18,99.0,0.8
250983,13,98.0,0.24
2308630,32,98.0,1.09
8272350,2,100.0,0.18
12368012,0,94.0,
4098410,20,81.0,0.84
6322283,18,96.0,1.16
7823025,57,92.0,4.68
9549850,48,95.0,6.15
7845607,9,78.0,0.74
14071446,2,100.0,1.25
14218904,1,94.0,0.91
11826815,5,96.0,0.86
13334098,0,94.0,
4765070,139,93.0,6.77
2880944,4,100.0,0.15
9532771,0,94.0,
10253591,21,91.0,3.46
1881298,192,95.0,5.58
210097,115,97.0,1.9
6059968,10,98.0,0.6
6862758,11,100.0,0.75
799701,2,100.0,0.05
6862594,0,94.0,
9057435,6,100.0,0.63
750438,91,96.0,2.29
12874603,10,74.0,3.13
12727401,2,60.0,0.46
2077794,14,86.0,0.47
9712731,2,100.0,1.36
13677640,5,80.0,2.05
3371091,13,95.0,0.5
13512551,1,100.0,1.0
732999,14,97.0,0.3
6106955,8,95.0,0.56
2698996,131,98.0,4.45
27611,8,86.0,0.29
4025194,150,97.0,6.2
8336364,0,94.0,
12071820,5,96.0,1.06
7910223,71,96.0,5.74
4567815,10,96.0,0.49
12022134,1,100.0,0.79
13513012,6,100.0,3.0
3730447,29,89.0,1.14
4149974,70,96.0,3.14
14933380,0,94.0,
6238463,25,98.0,2.12
1929406,1,100.0,0.03
4583526,75,97.0,3.85
7287822,59,99.0,4.55
8354938,20,93.0,1.81
5025015,99,85.0,5.39
4452800,2,80.0,0.11
7554801,6,100.0,0.95
9349646,1,100.0,0.39
6386351,0,94.0,
5124772,3,87.0,0.22
3977877,3,93.0,0.17
1754939,0,94.0,
6602167,23,89.0,5.61
3987926,169,98.0,6.94
5729845,47,90.0,2.78
9727523,15,91.0,1.64
12463555,7,94.0,1.69
9137560,1,100.0,0.1
3616081,127,97.0,5.08
8908145,2,80.0,0.42
554720,108,95.0,2.25
1551467,5,95.0,0.14
7743569,11,98.0,0.88
732932,18,95.0,0.38
749247,62,97.0,1.46
667325,58,92.0,3.59
9349614,1,80.0,0.22
10627514,2,90.0,0.37
1885825,97,96.0,3.27
9906565,0,94.0,
629814,8,100.0,0.21
1222327,2,100.0,0.12
10299047,13,94.0,3.12
9463444,16,100.0,4.14
6465075,20,94.0,1.28
8932377,0,94.0,
9577988,23,97.0,2.48
9971054,9,91.0,1.65
7348110,16,93.0,1.15
7790454,0,94.0,
3021446,107,92.0,3.97
7708436,26,97.0,2.09
11514237,10,98.0,1.92
13363171,1,100.0,0.46
11946029,8,93.0,1.54
6019555,31,97.0,2.04
12052288,32,98.0,6.36
9676551,84,95.0,9.55
12789527,1,100.0,1.0
12855005,7,100.0,1.78
1631942,18,96.0,0.62
2884903,6,94.0,0.21
14868157,0,94.0,
13344433,9,98.0,3.75
40601,55,100.0,0.75
12033661,10,100.0,1.99
6298216,0,94.0,
12868343,0,94.0,
14474750,0,94.0,
6921672,1,100.0,1.0
2219399,49,95.0,1.73
336960,145,92.0,2.62
336946,68,93.0,2.35
6644330,5,100.0,0.39
6939162,12,100.0,0.82
13640138,5,88.0,2.21
12593295,9,91.0,3.29
10004575,9,97.0,1.45
12855343,22,95.0,6.11
9791506,2,90.0,1.3
5801643,31,75.0,1.84
12888054,0,94.0,
5676025,19,79.0,1.11
6104388,7,100.0,0.49
8283433,0,94.0,
14573919,0,94.0,
7495866,26,92.0,1.95
13623390,5,96.0,2.54
3629014,48,100.0,2.13
10883063,15,93.0,2.54
713627,1,80.0,0.04
4105704,104,98.0,4.46
3957602,63,97.0,2.62
11739985,25,96.0,4.57
5874408,41,98.0,2.62
7693009,15,97.0,1.14
3775876,10,86.0,0.4
3693850,184,96.0,7.55
4736217,1,80.0,0.08
14428514,1,60.0,1.0
3021862,12,90.0,2.52
4348422,0,94.0,
973840,42,95.0,1.03
9575439,10,94.0,2.17
4430821,22,94.0,1.05
9591772,1,100.0,0.13
3079305,29,98.0,1.23
14474114,1,100.0,1.0
7789429,5,100.0,0.42
1203014,60,96.0,1.53
957224,57,93.0,1.42
4119345,5,100.0,0.25
5495547,4,100.0,0.26
12081834,7,94.0,1.47
14260905,0,94.0,
3988018,173,97.0,7.09
728238,88,87.0,1.88
12997241,1,80.0,0.34
10074653,1,100.0,1.0
4054079,61,95.0,2.74
12849003,19,98.0,5.09
8067585,13,98.0,1.66
7723492,22,94.0,1.69
1956275,74,88.0,2.3
1136972,280,96.0,7.07
1071235,152,94.0,3.75
4233242,15,97.0,0.64
14415125,0,94.0,
3905508,28,99.0,1.68
1628130,1,100.0,0.64
14566386,0,94.0,
9590679,17,100.0,3.07
14469677,3,100.0,3.0
447826,198,96.0,3.86
12736777,1,100.0,0.48
9459945,5,100.0,0.61
13621476,1,94.0,0.43
2365632,55,94.0,1.8
10163454,0,94.0,
14308511,5,92.0,5.0
13751426,5,96.0,4.41
1692573,92,96.0,2.63
12932001,3,100.0,1.3
5182313,68,96.0,3.75
13865867,5,96.0,5.0
4331214,34,95.0,1.48
12824498,4,90.0,1.03
14602997,0,94.0,
6377998,19,97.0,1.44
743211,49,97.0,1.17
5166870,32,94.0,1.66
3593290,8,100.0,0.35
14672735,0,94.0,
1612842,8,98.0,0.23
332225,41,94.0,0.86
496022,16,99.0,0.44
8720718,80,98.0,7.38
9212213,18,85.0,2.06
8310894,9,98.0,0.79
1167221,97,95.0,3.25
2592416,6,100.0,0.21
1701741,8,88.0,0.23
4526315,28,98.0,1.36
5918944,5,100.0,0.31
5738018,0,94.0,
4181530,18,99.0,0.78
6065674,12,95.0,0.75
13698137,19,93.0,12.13
12209652,0,94.0,
5049582,8,100.0,0.48
12209339,0,94.0,
8981656,23,95.0,2.18
13110347,33,97.0,10.88
9833460,3,93.0,0.98
8801250,4,90.0,0.48
11553697,3,80.0,0.52
13110084,14,94.0,3.93
14682931,1,100.0,1.0
6425318,8,95.0,0.52
2378421,63,99.0,2.17
2443944,0,94.0,
14683493,1,100.0,1.0
12949270,3,100.0,0.78
12781774,7,94.0,1.93
8226982,4,100.0,0.69
5212321,1,100.0,0.13
4339392,7,100.0,0.32
12191871,7,100.0,3.56
12190053,0,94.0,
6764572,53,95.0,3.53
8521792,29,95.0,2.49
4065322,23,93.0,0.99
12209147,0,94.0,
14501824,0,94.0,
12274601,1,100.0,0.26
4457943,44,100.0,2.02
9865550,1,100.0,0.12
4838985,6,90.0,0.36
197972,230,96.0,3.86
10749312,3,100.0,0.89
1115394,179,96.0,4.73
5702292,13,91.0,1.25
4015972,94,96.0,3.85
2295530,122,99.0,4.19
5882411,115,96.0,6.79
6914622,7,100.0,0.5
13697486,2,70.0,1.13
14254537,2,100.0,2.0
13041752,12,96.0,3.33
4538423,0,94.0,
1885386,119,95.0,3.93
115936,7,70.0,0.13
8275122,5,100.0,0.43
2798787,94,98.0,3.34
9110588,2,80.0,0.19
2950175,12,98.0,0.42
5293067,23,85.0,1.24
13829133,0,94.0,
14161407,0,94.0,
11912139,11,96.0,2.01
2933661,14,82.0,0.55
1803138,62,96.0,2.02
11397952,21,97.0,3.66
50032,15,96.0,0.26
6390634,41,100.0,2.57
6291807,2,100.0,0.15
1949996,23,97.0,0.7
8634599,15,83.0,1.33
11370704,2,90.0,0.35
1704090,67,91.0,1.87
1187188,17,96.0,0.59
903598,0,94.0,
9903,0,94.0,
14444280,0,94.0,
12379725,4,90.0,0.83
7225376,5,64.0,0.35
5660081,2,100.0,0.3
13968660,1,100.0,1.0
1426711,13,83.0,0.35
5510597,0,94.0,
12849985,0,94.0,
12320063,3,93.0,0.88
4823089,28,90.0,1.53
7871576,2,94.0,0.16
5904992,5,92.0,0.31
5222368,0,94.0,
66288,404,78.0,5.87
11313921,0,94.0,
6629929,23,93.0,1.69
12074204,1,94.0,0.25
4160585,34,99.0,1.44
13391024,8,98.0,3.29
195515,1,87.0,0.02
13565466,1,80.0,1.0
130552,2,96.0,0.05
5832127,8,75.0,0.52
9710999,0,94.0,
12517081,4,85.0,1.03
13531200,6,100.0,3.0
11861063,7,86.0,2.1
12089399,0,94.0,
5453775,14,83.0,0.79
12497846,8,84.0,1.9
14137262,9,93.0,6.75
5526487,28,95.0,1.83
14398508,1,80.0,1.0
1373520,70,92.0,1.93
6387077,0,94.0,
13037372,14,95.0,3.62
1471308,72,79.0,1.93
13521713,5,88.0,2.63
848152,31,84.0,0.73
7008455,3,93.0,0.23
11006149,0,94.0,
12102482,0,94.0,
6744795,0,94.0,
3659917,42,95.0,1.63
14854671,0,94.0,
1092093,9,89.0,0.23
10051003,3,60.0,0.36
11219568,0,94.0,
1471373,73,82.0,1.95
13888974,0,94.0,
9428208,0,94.0,
13233250,8,90.0,2.89
9710673,0,94.0,
8973362,3,93.0,0.29
10153739,0,94.0,
2754149,50,96.0,1.73
12707324,2,100.0,0.75
14442333,0,94.0,
9824155,14,85.0,2.33
13624971,1,80.0,1.0
9626892,4,100.0,0.45
7562235,3,80.0,0.23
10478553,2,100.0,0.8
14854164,0,94.0,
14196983,0,94.0,
6611126,0,94.0,
5267396,73,91.0,3.86
8184662,1,40.0,0.22
12264207,7,86.0,2.14
14685769,0,94.0,
14867747,0,94.0,
13081347,3,87.0,0.94
6118583,10,100.0,0.6
6990023,20,95.0,1.38
14670311,0,94.0,
10328539,25,93.0,11.36
14668008,1,94.0,1.0
10131503,0,94.0,
7280665,2,100.0,0.15
10153536,0,94.0,
12359031,0,94.0,
13000520,9,98.0,2.41
7050397,1,100.0,0.07
4687499,24,93.0,1.16
4625517,0,94.0,
5412487,1,94.0,0.06
13062783,4,85.0,1.5
7868931,2,80.0,0.16
8442314,27,84.0,2.35
12357955,0,94.0,
12750816,10,74.0,2.78
8015793,1,100.0,0.11
9998187,9,93.0,1.08
14336348,1,100.0,1.0
4493030,1,100.0,0.19
13525610,8,93.0,2.96
14339562,1,80.0,1.0
14110186,0,94.0,
4787213,6,90.0,0.47
13658697,0,94.0,
8539551,33,94.0,2.84
9407895,11,68.0,1.3
13651290,4,95.0,2.5
3198169,9,98.0,0.35
10537553,3,67.0,1.3
7113260,23,95.0,1.63
13060366,1,94.0,0.27
14092430,11,78.0,6.88
6834270,29,85.0,1.97
7379913,15,97.0,1.08
4523594,0,94.0,
543188,0,94.0,
4409653,1,20.0,0.07
12667158,7,48.0,2.66
8337048,19,93.0,1.57
8390386,7,90.0,0.63
13028092,10,96.0,3.0
12608363,2,100.0,0.48
5967936,0,94.0,
6684904,2,100.0,0.15
6676364,158,98.0,10.28
2174711,101,88.0,3.24
14235257,0,94.0,
6870366,133,96.0,9.32
7637094,0,94.0,
4518756,19,92.0,1.06
14759485,1,100.0,1.0
14237196,0,94.0,
13449737,0,94.0,
14365669,0,94.0,
11940785,2,100.0,1.71
4518710,38,88.0,1.74
13397390,1,100.0,0.64
11398458,1,100.0,1.0
1731639,9,91.0,0.74
4518380,13,86.0,0.6
12265433,5,95.0,1.1
6268082,14,97.0,4.67
14820482,0,94.0,
8422876,32,94.0,2.71
13129109,0,94.0,
2706986,16,90.0,1.05
11963384,0,94.0,
9825415,11,93.0,1.27
14731382,0,94.0,
7931882,11,96.0,0.99
475259,3,73.0,1.55
475254,0,94.0,
6292261,65,93.0,4.05
6499228,0,94.0,
4053612,30,95.0,1.24
8733896,37,100.0,3.57
9166002,0,94.0,
8014683,2,100.0,0.19
3359170,1,100.0,0.04
12303347,1,100.0,0.54
3401809,0,94.0,
12301081,0,94.0,
2848330,33,86.0,1.36
13079659,3,93.0,0.98
2848370,36,91.0,1.53
13024385,1,100.0,0.36
7630346,58,88.0,4.55
2848362,30,85.0,1.25
2187766,22,92.0,0.74
14246956,0,94.0,
2848393,8,95.0,0.33
14573486,0,94.0,
3342206,2,100.0,0.09
8830015,55,95.0,5.31
14898198,0,94.0,
10611728,2,100.0,0.27
11169560,13,87.0,2.15
14251275,0,94.0,
12302222,1,100.0,0.77
6452246,80,98.0,6.42
8861069,20,91.0,1.91
13417639,5,84.0,2.5
12383204,1,80.0,0.58
6500646,5,100.0,2.34
12986892,0,94.0,
7434871,57,86.0,4.22
7630340,40,83.0,3.25
2848239,33,97.0,1.38
994317,4,90.0,0.09
12428994,0,94.0,
9921925,0,94.0,
13813380,4,100.0,2.4
10116726,1,80.0,0.14
10136854,0,94.0,
10034614,0,94.0,
14918194,0,94.0,
9183638,3,100.0,0.44
12984748,0,94.0,
12284774,0,94.0,
10117472,0,94.0,
11126122,5,96.0,1.09
12067685,2,80.0,0.42
10116429,1,100.0,0.13
13943142,2,80.0,1.15
10034113,0,94.0,
11968079,0,94.0,
4255538,10,98.0,0.44
10033710,0,94.0,
10033322,0,94.0,
11982313,0,94.0,
14506396,2,100.0,2.0
10261620,0,94.0,
12899321,0,94.0,
4445906,3,87.0,0.63
10116601,1,100.0,0.2
11981674,0,94.0,
12949309,0,94.0,
9261381,0,94.0,
11772497,62,86.0,10.69
14420920,0,94.0,
12356183,0,94.0,
2722165,50,92.0,1.72
14420354,0,94.0,
12986016,1,100.0,0.42
10262069,0,94.0,
14222649,2,60.0,1.76
13762650,0,94.0,
10117329,2,100.0,0.25
721979,7,97.0,0.17
13624476,0,94.0,
13445221,1,94.0,1.0
13059,13,94.0,0.2
369880,16,96.0,0.66
822063,0,94.0,
12826145,4,100.0,4.0
8555187,29,95.0,2.6
10704442,0,94.0,
10928093,1,80.0,0.14
9834727,16,93.0,2.03
8011545,47,98.0,3.96
14204600,7,94.0,5.53
10106081,25,97.0,3.16
14461498,2,100.0,2.0
4553903,140,94.0,6.37
11648212,6,100.0,0.97
916123,281,88.0,6.83
10779412,0,94.0,
5782221,57,99.0,4.05
13744821,8,97.0,3.64
12221012,6,100.0,1.55
2898226,130,87.0,4.69
12843196,2,100.0,0.92
13478348,10,98.0,4.29
14104621,1,100.0,1.0
14857923,0,94.0,
12269155,55,97.0,11.3
13800505,5,60.0,4.41
13007124,21,88.0,5.63
14808548,0,94.0,
13248823,1,100.0,0.39
12957423,36,96.0,10.19
13107648,19,98.0,5.7
2831504,2,90.0,0.07
2842124,33,84.0,1.18
14282764,3,80.0,2.81
13709092,4,93.0,2.4
9858828,22,98.0,3.3
14035943,0,94.0,
7582651,3,100.0,0.25
11924459,41,98.0,7.37
766700,244,88.0,6.13
13005579,22,93.0,6.73
3434614,25,94.0,0.94
13573506,0,94.0,
4518100,14,86.0,0.7
4304969,135,97.0,5.85
2943804,7,94.0,0.29
11922134,36,83.0,8.71
2043541,37,87.0,1.18
2043529,19,84.0,0.71
9750460,9,93.0,2.13
2043261,15,75.0,0.53
815639,281,92.0,7.08
6089865,120,96.0,7.26
2633478,12,90.0,0.41
7450348,0,94.0,
9841140,7,97.0,0.8
13298108,3,93.0,3.0
4924910,111,87.0,5.78
13642397,4,100.0,2.07
14624254,0,94.0,
4580825,51,89.0,2.89
10836881,0,94.0,
9610609,3,80.0,0.49
3006311,7,94.0,0.26
13414367,5,92.0,2.11
8036024,84,97.0,6.9
24240,37,95.0,0.52
12425501,15,87.0,5.17
6939759,3,100.0,0.89
3129309,171,92.0,6.23
4350995,8,97.0,0.35
6971836,10,95.0,0.69
1220971,43,89.0,1.33
3664031,42,93.0,1.72
14215317,0,94.0,
4089940,31,92.0,1.32
1615033,236,87.0,6.45
11624428,6,100.0,1.04
9331460,2,100.0,0.22
9117009,27,91.0,2.63
14572511,1,100.0,1.0
220676,160,98.0,2.66
891661,190,91.0,4.49
14780436,0,94.0,
5511911,1,100.0,0.07
7036112,6,97.0,1.02
14424224,0,94.0,
14429876,3,93.0,3.0
7018497,6,90.0,0.44
14538087,0,94.0,
6134145,75,95.0,4.6
8556025,72,96.0,6.22
5755910,5,96.0,0.35
9425902,8,100.0,1.13
12407753,0,94.0,
1758953,80,94.0,2.73
1094599,19,96.0,0.49
14589695,0,94.0,
7181950,67,98.0,4.95
6197950,8,98.0,0.51
971393,11,95.0,0.26
9344096,3,93.0,0.32
7984226,0,94.0,
12784064,11,95.0,3.98
8458210,48,99.0,4.3
2183058,73,98.0,2.4
4279959,24,90.0,1.03
2657905,49,88.0,1.74
4558443,22,94.0,1.0
4034018,15,97.0,0.63
947751,0,94.0,
2658094,68,86.0,2.49
11229070,32,97.0,4.87
10997047,19,91.0,3.65
3967611,4,90.0,0.17
7080514,1,100.0,0.11
12585455,36,96.0,8.12
4573388,47,89.0,2.39
9259184,64,96.0,6.6
14239909,0,94.0,
8390793,0,94.0,
4573238,45,87.0,2.13
9706199,6,93.0,0.71
12683680,7,100.0,1.79
8227206,18,93.0,1.49
4573458,27,87.0,1.3
369940,19,96.0,0.47
1426754,73,91.0,1.97
3032367,41,98.0,1.58
6801288,17,92.0,1.19
12306135,0,94.0,
10175033,20,99.0,2.69
12599820,3,100.0,0.7
5768195,1,100.0,0.06
13140867,9,100.0,5.19
11223924,30,97.0,4.59
2376518,1,97.0,0.03
14483758,2,90.0,2.0
13074722,4,100.0,1.12
4653267,1,100.0,0.07
7454907,2,100.0,0.15
13258244,2,100.0,0.64
7273513,2,100.0,0.15
12494334,2,70.0,0.44
8014642,2,70.0,0.16
13653233,2,90.0,1.58
8238404,79,91.0,6.6
7293671,2,100.0,0.16
2473997,31,93.0,1.02
14300751,3,93.0,2.81
14300921,6,93.0,5.29
2260547,0,94.0,
5506,36,91.0,0.4
2636365,60,89.0,2.05
1884045,173,87.0,5.02
5717690,27,85.0,1.7
10190260,1,100.0,0.14
6765855,31,97.0,2.06
1342370,52,84.0,1.45
349347,55,85.0,1.05
8469464,8,83.0,0.75
801722,14,94.0,0.31
2260501,0,94.0,
801680,23,95.0,0.5
1175376,49,89.0,1.25
6093430,0,94.0,
14756269,1,60.0,1.0
12351909,21,97.0,4.5
1374466,25,97.0,0.76
1374434,23,93.0,0.64
14742564,0,94.0,
12368082,1,100.0,0.3
276450,54,82.0,1.02
3602379,81,92.0,3.47
14907062,0,94.0,
8402408,57,96.0,8.3
6780313,18,83.0,1.23
8238311,80,88.0,6.7
13513696,0,94.0,
4568116,163,96.0,7.41
11300899,15,97.0,3.72
6780300,9,84.0,0.65
14668441,0,94.0,
14813006,1,100.0,1.0
8172380,87,88.0,7.33
13054720,32,98.0,10.21
11907764,42,82.0,8.29
8319253,2,80.0,0.18
60029,112,95.0,1.62
1403408,12,100.0,0.32
9614024,8,70.0,4.0
14414473,4,100.0,4.0
12627225,10,58.0,5.45
8153848,81,86.0,6.62
4205641,46,85.0,2.13
9415712,1,80.0,1.0
9694218,55,97.0,7.75
12857811,14,62.0,4.62
6080461,13,97.0,0.78
13298137,1,100.0,1.0
14428517,0,94.0,
13379155,3,80.0,1.11
10249798,1,100.0,1.0
7825327,9,78.0,0.8
12756776,5,88.0,2.83
1550047,60,85.0,1.65
5269216,43,88.0,2.35
9166393,1,100.0,0.1
11656698,44,94.0,7.67
9362821,54,87.0,5.45
1850260,156,86.0,4.53
6645010,24,89.0,1.6
13214949,7,94.0,3.44
14428745,0,94.0,
2892825,7,84.0,0.35
8371203,8,100.0,0.7
5317935,3,100.0,0.18
14110777,0,94.0,
6939454,34,83.0,2.33
7724412,2,100.0,0.15
176006,88,93.0,1.46
7281884,82,95.0,5.99
13796564,1,80.0,1.0
3727560,91,87.0,3.55
10247000,9,83.0,1.08
13753007,3,73.0,1.5
11639480,0,94.0,
6695,47,95.0,0.54
10787333,7,100.0,2.56
13261006,0,94.0,
5970118,4,93.0,0.25
14473053,0,94.0,
4593974,4,95.0,0.51
3343428,14,100.0,1.68
6576530,4,80.0,0.31
12463075,1,94.0,1.0
3888360,24,90.0,3.87
4560053,23,90.0,1.11
14426987,5,100.0,5.0
13653016,2,80.0,1.87
5526514,25,92.0,1.36
1602491,26,83.0,0.74
14472812,0,94.0,
169430,105,91.0,1.71
8420883,6,68.0,0.6
13652639,3,93.0,1.84
5940069,19,90.0,1.13
8228903,83,89.0,7.03
8310807,48,96.0,3.98
9834532,0,94.0,
4460532,78,96.0,3.5
11948017,0,94.0,
4263736,85,98.0,3.65
69369,83,95.0,1.29
13077603,9,98.0,2.45
8735827,31,93.0,2.96
13978700,0,94.0,
8703026,43,87.0,3.82
12504504,0,94.0,
14855404,0,94.0,
658029,65,86.0,1.35
13918656,1,94.0,0.54
6709682,25,86.0,1.66
4615251,0,94.0,
3656168,4,90.0,0.32
7784616,2,90.0,0.16
7618925,1,100.0,0.94
13549924,3,100.0,1.5
8734707,38,98.0,3.52
5146580,58,83.0,3.33
8815738,0,94.0,
13735741,0,94.0,
8495348,3,87.0,0.26
14418787,0,94.0,
7161203,3,93.0,0.34
5146447,45,82.0,2.49
5146451,32,85.0,1.9
1197857,63,88.0,1.61
13797162,6,97.0,3.91
9961767,2,100.0,0.76
163941,138,92.0,2.24
11011124,0,94.0,
12796808,0,94.0,
4555637,40,96.0,1.82
1638584,3,93.0,0.08
9896359,5,92.0,0.66
5885130,9,100.0,0.56
6068207,0,94.0,
11213228,1,94.0,0.16
2301709,42,92.0,1.41
1077105,0,94.0,
1183032,19,93.0,0.5
9765,9,89.0,0.15
9870,6,80.0,0.12
27141,4,84.0,0.06
650956,35,86.0,0.77
1044307,1,94.0,0.03
11856912,3,93.0,0.58
6992859,13,92.0,0.9
3969526,111,94.0,4.59
1166808,29,90.0,0.72
8439661,9,84.0,0.97
5433246,4,95.0,0.68
6793945,27,96.0,1.88
2846739,96,85.0,3.33
6575654,5,96.0,0.32
8193344,26,96.0,2.13
6355733,4,90.0,0.34
9862792,34,95.0,3.98
13995573,1,80.0,1.0
7954808,18,96.0,1.67
11687031,4,95.0,0.79
7649517,20,90.0,1.58
8575476,22,92.0,1.99
8902304,19,96.0,2.17
7919500,14,93.0,1.22
7456890,7,94.0,0.52
8987722,51,93.0,4.9
9208166,42,96.0,4.23
7540480,54,94.0,4.44
14918869,0,94.0,
7921131,17,91.0,1.4
8988506,57,94.0,5.61
7634365,29,96.0,2.23
7358714,1,80.0,0.12
2326445,56,96.0,1.8
8518665,1,100.0,0.09
13494185,5,96.0,2.73
10427199,22,90.0,2.99
851927,7,100.0,0.74
12287958,1,100.0,0.23
4461901,2,100.0,0.13
5714786,12,70.0,0.7
13713143,0,94.0,
1277618,5,84.0,0.13
9731479,35,94.0,4.98
1899770,7,97.0,0.68
13707814,2,100.0,1.13
2916208,26,92.0,0.91
8082512,1,100.0,0.09
8403945,0,94.0,
8686165,14,91.0,1.33
4750791,16,93.0,0.91
8846202,11,98.0,1.74
2292495,27,93.0,1.12
13171246,4,95.0,1.43
1489289,39,93.0,1.61
14591627,4,100.0,4.0
12384469,1,100.0,0.79
8206536,0,94.0,
9933886,23,83.0,3.35
7205210,11,100.0,0.81
13318173,7,100.0,2.41
8992733,0,94.0,
5783197,35,99.0,2.08
7796658,10,94.0,0.77
11588543,42,96.0,7.16
1275498,15,89.0,0.4
8025718,3,93.0,0.25
7476340,0,94.0,
4879702,20,98.0,1.39
225224,184,91.0,3.09
7694559,0,94.0,
12253029,8,97.0,1.68
7714627,66,98.0,5.34
12890156,13,92.0,3.64
5074924,55,84.0,3.08
2372987,39,86.0,1.26
7368611,37,92.0,3.06
3601030,77,97.0,3.06
9841645,0,94.0,
14414330,1,100.0,1.0
4860853,21,80.0,1.17
5532549,4,95.0,0.85
8631257,0,94.0,
9663423,6,100.0,1.06
6763409,3,67.0,0.27
3289921,18,88.0,0.67
5976821,59,97.0,3.51
8680170,2,100.0,0.18
11841986,9,73.0,2.23
6287797,1,100.0,0.06
8827268,11,100.0,1.01
5075267,39,76.0,1.98
798957,192,97.0,4.72
11710680,5,95.0,1.04
11686744,4,100.0,0.77
8088370,14,93.0,1.14
4742275,6,97.0,0.39
7645862,1,100.0,0.16
9821291,0,94.0,
9611852,26,98.0,4.53
7294565,1,80.0,0.08
14821911,0,94.0,
8303267,2,100.0,0.75
9728602,1,100.0,0.24
5058148,6,95.0,0.33
6762011,0,94.0,
11873789,8,93.0,1.54
12496332,0,94.0,
585148,31,93.0,1.21
5582163,50,97.0,2.91
5352623,4,100.0,0.24
322593,192,94.0,4.57
6810723,0,94.0,
11902134,9,88.0,1.74
14461998,2,90.0,2.0
10227043,33,98.0,4.16
14709217,0,94.0,
2683284,115,92.0,3.9
11397511,18,96.0,3.46
1252289,78,97.0,2.0
4679319,4,75.0,0.24
8006992,6,100.0,0.58
7513605,2,80.0,0.19
8371115,9,100.0,0.78
13378987,6,83.0,3.0
13477286,0,94.0,
13378936,4,100.0,1.64
11041684,5,96.0,0.77
13378923,5,100.0,3.33
11771810,0,94.0,
6348631,8,90.0,0.5
9840919,8,90.0,1.9
5734770,87,95.0,5.01
8480507,15,100.0,1.52
9430774,1,100.0,0.11
4364925,52,95.0,2.36
12426977,15,93.0,3.54
7511737,1,100.0,0.09
7694365,1,100.0,0.43
12508801,3,100.0,0.66
10083878,30,97.0,5.77
990668,96,98.0,2.41
10427882,6,93.0,0.84
639111,0,94.0,
14933461,0,94.0,
6677700,11,89.0,0.77
8316068,15,96.0,2.31
8381472,0,94.0,
6972426,19,99.0,1.35
6759439,0,94.0,
6038520,22,98.0,1.4
3236496,4,100.0,0.31
8200839,19,96.0,1.57
1106555,26,94.0,0.65
6939126,21,77.0,1.44
14304682,0,94.0,
8595650,38,99.0,3.37
2549840,39,90.0,1.3
5088560,38,100.0,2.92
4364989,31,95.0,1.88
14091605,17,94.0,10.41
6758482,0,94.0,
7856208,0,94.0,
6758443,2,90.0,0.13
6758462,0,94.0,
1810397,26,98.0,0.97
14819274,0,94.0,
7377034,17,95.0,1.27
8201104,1,100.0,0.26
13460331,2,100.0,2.0
14770892,1,100.0,1.0
453660,55,96.0,1.39
14589341,0,94.0,
12049787,7,88.0,1.33
3808557,10,100.0,0.4
1119740,0,94.0,
2513870,0,94.0,
12034317,1,100.0,0.21
3842286,22,99.0,0.9
13377097,5,96.0,2.03
7920541,33,96.0,3.06
2694019,34,90.0,1.16
11590512,5,92.0,0.96
10656576,2,100.0,2.0
5593888,60,86.0,3.66
9706279,1,100.0,0.12
14817983,0,94.0,
7592616,1,100.0,0.08
826555,3,80.0,0.17
7740592,1,100.0,0.77
13605430,0,94.0,
10656206,3,93.0,0.73
14486599,0,94.0,
7095320,2,70.0,1.4
12308161,29,97.0,6.08
9508975,1,100.0,0.32
6248526,2,90.0,0.13
1071144,1,91.0,0.03
989163,19,98.0,0.52
9197535,3,73.0,0.32
22354,215,88.0,3.46
12916551,33,98.0,9.08
7214920,13,92.0,0.92
7755144,24,98.0,1.94
10391455,9,96.0,1.3
5639731,13,83.0,0.73
9574727,2,100.0,0.38
6134013,48,98.0,3.0
14522631,2,100.0,2.0
4461846,4,75.0,0.25
6444303,21,99.0,1.37
824244,0,94.0,
22208,4,90.0,0.05
7575052,23,97.0,1.73
11060140,0,94.0,
14125957,7,97.0,7.0
12587887,4,100.0,1.13
1038465,163,88.0,3.92
12653367,1,94.0,0.24
8753913,26,96.0,2.4
9949819,2,100.0,0.24
2495047,8,88.0,0.33
9853959,0,94.0,
10671192,24,100.0,6.61
9446242,0,94.0,
9474436,13,95.0,1.34
1200502,34,87.0,0.96
9757412,15,96.0,1.7
7508063,9,96.0,0.68
7901248,3,93.0,1.73
14094279,12,100.0,8.78
7114655,4,90.0,0.29
8815257,27,93.0,3.08
2215762,16,99.0,0.56
14372667,1,100.0,1.0
3903273,5,95.0,0.23
12979965,3,93.0,0.84
13078164,0,94.0,
5067019,3,100.0,0.16
5640375,20,84.0,1.14
14405817,0,94.0,
14589471,0,94.0,
13713445,1,100.0,0.7
13078068,2,90.0,0.6
7095658,2,90.0,0.15
8096900,6,90.0,0.49
6426364,25,95.0,1.66
4787233,4,93.0,0.41
7916575,0,94.0,
12094488,3,100.0,0.63
8211468,9,95.0,0.74
1428355,62,96.0,1.66
12290886,2,80.0,1.09
526970,103,90.0,2.0
2395326,135,97.0,4.41
10734159,22,98.0,3.61
8014383,6,80.0,0.5
4609785,57,93.0,2.82
5867761,0,94.0,
5834930,4,85.0,0.24
8309604,1,100.0,0.09
7965521,16,99.0,1.41
1401625,4,100.0,0.11
11470818,8,100.0,1.37
13928400,0,94.0,
11634638,0,94.0,
8406972,9,98.0,0.84
5768819,3,87.0,0.25
5588537,6,100.0,0.37
10656899,6,93.0,1.13
6276572,15,96.0,1.03
625012,123,96.0,2.47
13912472,8,98.0,5.11
7342489,0,94.0,
6850880,1,80.0,0.28
7325084,1,60.0,0.07
705919,30,96.0,0.65
5932402,0,94.0,
901914,0,94.0,
5718801,5,80.0,0.34
9487079,0,94.0,
4410142,18,92.0,0.83
8301926,11,100.0,0.92
5153080,49,100.0,2.55
4278067,35,91.0,1.5
7620413,2,100.0,0.16
1214214,1,100.0,0.08
14489201,3,87.0,3.0
9094794,2,94.0,0.2
1425973,12,86.0,0.33
986399,4,90.0,0.1
4549374,59,97.0,2.69
639101,1,100.0,1.0
9207914,43,95.0,4.33
1365335,9,98.0,0.31
11927580,0,94.0,
11585459,4,60.0,0.63
5769127,2,90.0,0.13
4294557,5,100.0,0.35
6851459,4,85.0,0.35
5932267,1,100.0,0.07
6075932,30,96.0,1.8
8782991,24,88.0,2.17
4588530,10,100.0,0.56
13697966,3,87.0,1.96
8970393,7,97.0,0.66
9864083,0,94.0,
5718921,5,96.0,0.33
4178790,37,89.0,1.87
11687122,12,92.0,2.26
13697464,0,94.0,
11796879,2,90.0,0.35
442735,40,98.0,0.77
12318093,4,70.0,0.97
3415245,2,100.0,0.21
14680277,0,94.0,
12812461,2,90.0,1.2
10567830,0,94.0,
10634364,5,100.0,0.9
543078,6,93.0,0.49
12290477,0,94.0,
68902,6,87.0,0.12
627048,10,91.0,0.22
5280183,3,93.0,0.23
9918240,3,100.0,0.36
11275963,4,95.0,0.82
3182473,9,89.0,0.33
4887325,0,94.0,
13864961,0,94.0,
8048838,1,100.0,0.08
56927,5,96.0,0.07
9824,22,78.0,0.35
2189086,12,80.0,0.37
9858,1,94.0,0.07
9860,22,85.0,0.28
1174776,6,97.0,0.23
28150,21,81.0,0.36
716643,8,93.0,0.17
13589,52,88.0,0.67
10859498,0,94.0,
9857,21,87.0,0.35
12603280,1,80.0,0.27
10882267,1,100.0,0.79
4948724,11,98.0,0.6
6214710,25,96.0,1.85
2701124,31,94.0,1.26
9373802,26,82.0,2.69
14217967,4,100.0,3.64
7749568,15,96.0,2.18
10037387,14,82.0,2.68
14040844,0,94.0,
1322461,75,98.0,1.96
7728508,21,93.0,1.74
2277821,83,99.0,2.8
14855656,0,94.0,
6908525,7,83.0,0.5
7856323,17,86.0,1.52
7474855,2,80.0,0.43
7475379,6,93.0,0.65
6879036,6,100.0,0.62
2881388,95,96.0,3.46
14745087,0,94.0,
7474044,1,100.0,0.56
8188894,0,94.0,
8410270,1,60.0,0.09
7698631,4,100.0,0.31
7159343,0,94.0,
14858003,0,94.0,
14723758,0,94.0,
8663351,13,95.0,1.31
14041036,0,94.0,
13729738,0,94.0,
4603803,13,80.0,0.62
13614982,7,91.0,3.62
4143561,15,92.0,0.66
12304165,20,88.0,4.23
6323935,82,96.0,5.34
311240,92,90.0,1.66
4603588,5,93.0,0.27
13090471,1,100.0,0.43
9993826,0,94.0,
9993602,1,80.0,0.19
10812807,0,94.0,
2915643,1,94.0,0.07
13466910,1,100.0,1.0
14670143,0,94.0,
5455004,22,92.0,1.24
6552654,85,97.0,6.0
8584276,8,86.0,0.74
1264217,12,97.0,2.63
9698823,0,94.0,
48612,25,90.0,0.35
5455293,16,94.0,0.92
9992532,0,94.0,
7961477,11,100.0,1.34
1964878,12,92.0,0.4
1329627,2,60.0,0.08
5454513,13,92.0,0.81
13592,15,71.0,0.21
47725,0,94.0,
10811,3,87.0,0.37
7731797,26,85.0,2.16
47722,0,94.0,
14711359,2,100.0,2.0
9992751,0,94.0,
14322091,1,100.0,1.0
13433298,13,98.0,5.27
7240149,0,94.0,
12286410,3,93.0,0.71
2374089,5,100.0,0.18
1948096,3,87.0,0.19
9238963,2,100.0,0.21
9631816,0,94.0,
10860611,1,100.0,0.61
12154934,31,78.0,5.89
7125052,0,94.0,
4044840,5,92.0,0.21
13711334,1,80.0,0.54
11122394,19,100.0,3.31
9991857,1,100.0,0.29
1341072,41,91.0,1.56
56937,10,88.0,0.17
9144588,43,97.0,4.33
1498719,11,96.0,0.31
1717816,2,90.0,0.13
11590000,11,84.0,2.04
6895050,21,100.0,1.56
10138904,10,96.0,1.27
11121872,13,100.0,2.35
6121709,27,93.0,1.8
4065578,68,95.0,2.81
9974833,1,80.0,0.21
14397533,0,94.0,
9809914,20,93.0,2.29
4490826,3,80.0,0.17
1551205,40,97.0,1.1
3601254,44,75.0,1.73
9346513,7,97.0,1.48
4870883,8,90.0,0.44
8351880,71,93.0,6.07
12441,29,86.0,0.38
7860369,1,80.0,0.21
11905849,3,100.0,0.58
5581575,12,98.0,5.9
11201204,9,96.0,1.7
12626504,4,100.0,1.05
1372816,6,87.0,0.17
13218392,3,87.0,1.25
12268144,4,100.0,0.94
12205324,0,94.0,
14603013,1,100.0,1.0
13872339,4,100.0,2.03
12020829,3,87.0,0.63
1776190,1,83.0,0.03
14822424,0,94.0,
29155,31,89.0,0.6
13674964,5,96.0,5.0
9677207,4,95.0,0.48
8497555,7,90.0,0.63
10070404,15,93.0,1.79
12953937,13,100.0,3.61
2108738,34,86.0,1.04
1811776,173,92.0,4.96
1090413,42,91.0,1.62
8206659,2,94.0,0.17
10084216,3,100.0,1.67
10266928,8,80.0,1.06
14722711,0,94.0,
11462476,31,92.0,5.08
10266397,4,65.0,0.59
9414403,23,96.0,2.29
14821064,0,94.0,
14147343,0,94.0,
8822499,4,100.0,0.77
10228457,3,100.0,1.36
14917151,0,94.0,
9725178,15,99.0,1.71
6009031,2,60.0,0.12
7971930,0,94.0,
5989418,0,94.0,
6677469,23,100.0,1.6
3302294,133,83.0,4.91
12362389,0,94.0,
6759004,3,87.0,0.23
13017460,1,100.0,1.0
4516065,3,80.0,0.26
12264926,0,94.0,
12797493,8,100.0,2.09
5992501,20,98.0,1.19
5791960,23,93.0,1.62
10264774,10,86.0,1.84
5021859,0,94.0,
14442491,0,94.0,
9855805,20,91.0,2.88
7740436,18,99.0,1.42
6921241,2,100.0,0.14
4972820,1,94.0,0.39
12263690,0,94.0,
9920084,3,80.0,0.66
754845,17,92.0,0.42
4777111,14,97.0,0.74
13015832,3,87.0,0.89
13015927,2,100.0,0.55
13589343,14,91.0,6.27
14713980,1,94.0,1.0
705900,25,96.0,0.52
8577620,9,96.0,0.81
12390027,17,87.0,4.32
9231486,30,99.0,3.13
10542140,25,99.0,3.18
11885148,2,80.0,0.56
10148425,0,94.0,
10164759,4,95.0,0.48
6685682,7,93.0,0.54
11082235,17,99.0,2.79
4020650,67,81.0,2.74
4446413,7,73.0,0.45
7840797,7,89.0,0.63
3528826,103,98.0,4.09
11589644,13,92.0,2.25
14636981,0,94.0,
1775935,3,87.0,0.13
7804358,19,99.0,1.62
7007801,22,79.0,1.56
14367134,3,93.0,3.0
7264674,15,92.0,1.08
13591607,23,97.0,9.2
8116523,77,91.0,6.29
13015353,2,80.0,1.87
9918713,2,80.0,0.24
2331886,0,94.0,
12489916,12,98.0,2.61
693353,17,88.0,0.44
2429961,17,86.0,0.61
14423004,0,94.0,
9343915,1,100.0,0.25
9327506,1,100.0,0.29
22212,23,84.0,0.34
12621291,11,96.0,2.54
12914154,5,100.0,1.6
414419,312,92.0,5.85
21337,11,86.0,0.15
5919529,15,100.0,0.96
5870309,5,76.0,0.36
6991310,0,94.0,
14422695,0,94.0,
5903001,12,85.0,0.71
472070,3,93.0,0.55
6017574,15,96.0,1.32
11211273,24,93.0,3.69
14085771,2,90.0,2.0
1234740,9,96.0,0.25
9180947,46,97.0,4.54
13391640,11,87.0,3.67
7853079,21,87.0,1.76
14422439,0,94.0,
4132983,17,89.0,0.72
13848636,0,94.0,
7475215,6,97.0,0.52
9252183,0,94.0,
11980767,2,80.0,0.47
2723274,10,96.0,0.37
8737466,10,97.0,0.9
13864771,0,94.0,
9992143,0,94.0,
9228519,1,100.0,0.88
10293480,0,94.0,
6213822,11,95.0,0.69
3673688,36,86.0,1.41
12865092,2,60.0,0.53
3591388,30,97.0,1.17
9473816,2,100.0,0.94
14552102,0,94.0,
12291029,19,92.0,3.96
10881994,26,86.0,4.31
13912943,0,94.0,
14388025,10,100.0,10.0
4377247,33,97.0,1.48
7474615,3,87.0,0.28
13110631,15,92.0,5.42
3870046,33,94.0,1.33
789843,2,80.0,0.08
2247190,14,87.0,0.46
4409819,2,100.0,0.09
3410087,80,83.0,3.05
7194793,35,99.0,2.71
12897110,9,91.0,3.33
6075481,40,88.0,2.5
13060113,0,94.0,
3704801,2,90.0,0.08
10569282,14,90.0,2.15
9504314,1,94.0,0.12
14714374,3,100.0,3.0
13912470,5,96.0,3.06
13912467,4,100.0,2.45
2246959,22,91.0,0.73
2656568,0,94.0,
14819717,0,94.0,
9504177,0,94.0,
6882615,7,97.0,0.72
5899031,27,89.0,1.63
1868513,6,90.0,0.21
11371205,19,91.0,4.91
12998272,1,100.0,1.0
14386825,0,94.0,
197146,20,91.0,0.36
4358181,4,95.0,0.23
4080849,3,100.0,0.16
12092499,19,99.0,3.75
10454061,10,92.0,1.31
10945558,0,94.0,
3458030,14,100.0,0.58
4432035,50,93.0,2.83
13992811,8,95.0,4.71
7881551,93,95.0,7.58
10701625,4,85.0,0.83
10409490,0,94.0,
14713259,4,95.0,4.0
3867014,7,89.0,0.29
13959444,6,100.0,3.67
1589392,1,100.0,0.27
11455804,4,95.0,0.7
1066742,32,79.0,0.82
8982616,153,91.0,14.34
9273,13,100.0,0.18
8326439,4,65.0,0.35
13820571,29,97.0,15.54
13926704,0,94.0,
4107959,67,98.0,4.06
5940866,124,97.0,7.52
6436334,31,85.0,1.97
1147871,226,89.0,5.62
14885796,0,94.0,
1458081,27,94.0,4.71
4868653,11,91.0,0.65
2441095,74,81.0,2.47
7634067,9,100.0,0.72
12646288,0,94.0,
8846849,4,75.0,0.37
1178162,215,86.0,5.35
13908638,24,88.0,15.0
1178106,226,86.0,5.64
13433317,4,85.0,2.31
6142396,115,95.0,7.99
13908031,4,95.0,2.14
14564883,0,94.0,
13884549,15,97.0,8.49
12580274,35,87.0,9.05
12891323,4,100.0,1.79
11695285,11,98.0,1.99
11498583,32,78.0,5.33
14824568,0,94.0,
11498523,37,88.0,6.0
8859689,15,94.0,1.58
6614984,28,96.0,2.06
9531326,0,94.0,
11398953,11,82.0,2.39
9382898,49,88.0,6.77
2634361,49,84.0,1.99
1141522,237,86.0,5.88
7809904,21,99.0,1.65
13233001,1,100.0,1.0
11498416,38,82.0,6.23
10056496,32,79.0,3.84
11334091,24,98.0,3.87
11866869,1,100.0,0.18
13594886,28,94.0,12.73
11579622,38,86.0,6.48
7678756,1,100.0,0.09
1059604,26,84.0,0.67
8252058,89,95.0,7.34
12560987,22,91.0,5.69
12233285,26,85.0,5.2
12233225,27,84.0,5.4
6337106,184,88.0,11.48
9958026,22,80.0,3.82
5616179,33,96.0,1.93
14168664,8,100.0,6.67
9858437,25,83.0,4.21
8514932,20,96.0,1.77
8469735,6,76.0,0.52
12971157,2,100.0,0.64
182049,33,96.0,0.53
7482338,51,93.0,3.76
2634499,41,80.0,1.65
9897713,1,80.0,0.13
5990808,39,97.0,2.44
12233043,37,84.0,7.3
14083611,17,88.0,11.59
9698226,37,98.0,7.07
2778656,10,82.0,0.34
13874533,9,91.0,7.11
4614037,32,94.0,2.01
11593592,57,96.0,12.95
9711934,21,94.0,2.6
13969217,3,53.0,2.09
13100828,13,98.0,3.9
8064980,5,92.0,0.47
8134231,2,100.0,0.18
10233104,35,87.0,5.61
238846,15,89.0,0.25
12051674,13,75.0,2.5
14885917,0,94.0,
57800,193,90.0,3.75
8970779,1,100.0,0.09
8118718,12,97.0,1.59
14918032,0,94.0,
13393418,30,94.0,19.15
1042420,52,92.0,1.34
6314998,42,86.0,2.75
14072546,25,86.0,16.3
14344516,0,94.0,
7035556,16,94.0,1.14
8757949,22,89.0,1.99
10411383,1,100.0,0.23
13613562,3,67.0,2.05
13394184,0,94.0,
1497879,320,88.0,8.73
11333422,25,92.0,4.1
8624898,59,84.0,5.28
8166076,45,95.0,4.07
14178758,11,100.0,7.67
14072256,15,92.0,12.16
10132073,4,100.0,1.64
14522917,8,98.0,8.0
8231382,25,83.0,2.57
10524612,23,92.0,3.37
12604733,1,94.0,0.23
5364137,49,90.0,2.74
4315439,1,80.0,0.1
13046976,9,96.0,2.67
7033732,60,95.0,4.18
611081,0,94.0,
13816458,7,97.0,7.0
7984949,6,93.0,0.5
4314054,198,87.0,8.6
12308927,24,96.0,10.75
118905,17,91.0,0.27
20000,271,86.0,3.44
14532696,2,90.0,2.0
8065282,71,95.0,5.92
4820071,174,95.0,8.49
9751520,2,90.0,0.24
9145242,65,95.0,6.41
13421289,13,97.0,4.59
7178893,9,98.0,0.75
11618815,19,98.0,3.61
14141920,9,93.0,6.59
5478135,17,95.0,3.59
10356880,36,96.0,6.0
3615760,76,86.0,3.12
9390951,1,100.0,0.21
1051482,29,91.0,0.72
4475740,1,80.0,0.05
14262627,3,100.0,2.37
12699603,2,100.0,0.52
7489883,1,94.0,0.36
3802530,9,98.0,0.36
14075290,16,88.0,10.67
1066767,17,89.0,1.46
4638356,21,93.0,6.56
12436115,7,47.0,1.62
8716849,11,73.0,0.99
3917027,58,84.0,2.35
10945407,8,90.0,2.07
8340599,14,93.0,1.19
14255219,8,100.0,7.27
14533011,1,100.0,1.0
4080000,75,86.0,3.13
14844149,0,94.0,
7880828,90,94.0,6.99
13064781,10,98.0,3.0
1541166,16,96.0,0.45
8454985,7,97.0,0.59
14769652,0,94.0,
77681,21,83.0,0.35
4112178,1,100.0,0.79
5684598,19,100.0,1.14
7109689,4,100.0,0.28
14924831,0,94.0,
29765,90,99.0,1.17
14660635,0,94.0,
5813992,1,80.0,0.07
3749523,112,93.0,4.4
1587540,26,95.0,0.92
10253899,4,100.0,0.85
45987,98,92.0,1.33
7009774,0,94.0,
14136509,0,94.0,
5174821,50,94.0,2.69
12432535,7,97.0,2.84
8613870,4,100.0,0.39
13414159,14,99.0,5.83
2798599,0,94.0,
12825412,5,100.0,2.0
14594810,0,94.0,
1421610,6,100.0,0.17
619142,105,95.0,2.11
93505,166,94.0,2.57
3721095,98,99.0,3.9
44205,76,99.0,1.04
4402259,33,93.0,1.56
1223050,39,96.0,1.01
189965,33,95.0,0.53
6268805,42,97.0,2.67
14834305,0,94.0,
14296152,1,80.0,1.0
13951579,0,94.0,
13163259,1,80.0,0.3
11837857,0,94.0,
9822600,0,94.0,
11395461,0,94.0,
14013663,0,94.0,
5726250,18,100.0,1.26
5628808,0,94.0,
5481243,15,93.0,1.27
13083342,0,94.0,
13655073,1,100.0,0.6
2810123,4,100.0,0.36
14858782,0,94.0,
13032590,18,96.0,7.4
2660908,15,95.0,0.55
9132081,0,94.0,
14292385,0,94.0,
2167993,56,99.0,1.76
14013583,2,100.0,2.0
13063952,3,93.0,1.41
6886946,24,96.0,1.66
6378076,23,90.0,1.53
14537320,0,94.0,
6690605,6,90.0,0.47
5592866,7,100.0,0.43
8442940,60,97.0,5.2
708802,221,98.0,4.65
1658983,46,96.0,1.28
6000531,4,100.0,0.27
13586128,1,100.0,0.56
9900315,11,91.0,1.89
11521541,4,90.0,1.26
13045194,21,92.0,6.63
8189821,2,100.0,0.17
1445064,73,95.0,1.99
13585624,3,87.0,1.7
14191723,0,94.0,
6627802,0,94.0,
5076880,20,98.0,1.09
12356962,15,96.0,3.13
12372052,4,95.0,1.79
13830152,5,96.0,5.0
5719606,1,100.0,0.7
182613,50,92.0,0.81
5620496,10,98.0,0.71
82637,16,80.0,0.27
3820516,2,100.0,0.11
14501620,0,94.0,
13371105,1,40.0,0.45
14632658,0,94.0,
7321217,18,98.0,1.47
1102623,47,95.0,2.01
7472068,27,89.0,2.04
7053454,8,95.0,0.57
1755376,2,90.0,0.06
4917583,0,94.0,
12130434,2,90.0,1.46
10118573,0,94.0,
979759,2,80.0,0.05
14423483,0,94.0,
14404992,2,90.0,2.0
8696236,31,94.0,3.56
8814479,2,90.0,0.2
8191739,8,91.0,0.87
965554,6,100.0,0.17
8814039,4,85.0,0.54
8813451,10,94.0,0.96
14908177,0,94.0,
1358531,3,93.0,0.09
4602191,0,94.0,
7596262,8,93.0,0.63
8191517,4,80.0,0.43
12088322,1,80.0,0.31
13545648,0,94.0,
10119075,0,94.0,
4467841,1,100.0,0.34
3931204,9,96.0,0.39
10118716,0,94.0,
9644312,0,94.0,
10118946,0,94.0,
10118379,0,94.0,
7857318,0,94.0,
10118091,0,94.0,
10052037,0,94.0,
10152056,0,94.0,
10119193,0,94.0,
10051649,0,94.0,
25418,4,95.0,0.06
10051842,1,80.0,0.19
7855702,0,94.0,
11967208,0,94.0,
4610745,18,95.0,0.9
23668,0,94.0,
10119327,0,94.0,
10327517,0,94.0,
6015995,4,75.0,0.35
7308623,1,100.0,0.21
4489920,1,100.0,0.04
2769450,3,100.0,0.78
14467554,1,100.0,1.0
1867881,4,90.0,0.13
1131634,24,98.0,0.64
67774,11,93.0,0.24
8309711,29,94.0,2.76
5659866,4,100.0,0.24
1303261,19,87.0,0.53
6432655,34,91.0,2.24
13249829,2,100.0,1.11
4900659,30,91.0,1.51
7928656,0,94.0,
9386847,0,94.0,
6444148,24,93.0,1.73
10311094,5,84.0,0.71
9596153,0,94.0,
14025410,1,100.0,1.0
3377871,38,82.0,1.43
59776,2,80.0,0.06
6488924,0,94.0,
9232355,36,78.0,3.54
11202183,20,100.0,7.23
4718577,11,91.0,0.65
12648403,20,91.0,5.5
13778731,3,93.0,2.43
2126053,37,94.0,1.26
5690640,2,90.0,0.52
2823378,31,89.0,1.07
13810937,2,90.0,1.09
7633883,7,100.0,0.57
8732121,2,100.0,0.2
2423613,13,72.0,0.47
13728510,9,93.0,5.0
12493396,3,93.0,0.9
8052494,2,100.0,2.0
7092874,1,80.0,0.07
13433475,8,78.0,4.29
2947662,84,99.0,3.0
7911936,7,86.0,0.63
2754975,30,97.0,1.12
13521992,0,94.0,
13138055,7,94.0,2.14
7713815,2,100.0,2.0
8747720,6,100.0,0.54
4995033,33,99.0,2.04
9107357,49,93.0,4.9
5064995,13,90.0,0.71
6600417,0,94.0,
10434883,18,93.0,2.41
13121821,20,97.0,7.89
9844242,9,96.0,1.08
13295184,10,92.0,3.45
6763785,17,88.0,1.16
586994,62,89.0,1.29
915272,150,85.0,3.47
3520353,66,96.0,2.57
4978467,2,100.0,0.13
14742722,1,100.0,1.0
7614517,39,96.0,3.12
12356,9,93.0,0.42
12726343,1,100.0,0.26
4632511,23,92.0,1.09
8384444,23,98.0,2.12
6778788,35,97.0,2.39
2682662,28,93.0,0.96
14035936,2,100.0,2.0
10611598,0,94.0,
8090623,32,94.0,2.72
13300621,4,95.0,1.46
14873017,0,94.0,
8614167,7,97.0,1.49
14758045,0,94.0,
11120777,24,96.0,4.16
9235198,33,93.0,3.26
6908672,6,97.0,0.43
13101775,10,98.0,3.19
5959251,5,96.0,0.32
14872018,0,94.0,
10857914,8,98.0,2.76
12365159,0,94.0,
13331733,5,100.0,2.38
8662258,68,98.0,6.02
7531700,2,80.0,0.16
13797236,0,94.0,
2862120,41,95.0,1.43
6089196,18,92.0,1.08
13658522,3,93.0,2.65
4532603,13,98.0,0.63
9169272,1,94.0,0.1
6400348,2,100.0,0.13
1648950,81,88.0,2.25
13788865,8,98.0,4.62
9857049,15,97.0,1.72
14673441,1,80.0,1.0
11906382,5,100.0,0.93
5743939,29,98.0,1.65
3432321,82,94.0,3.1
4546333,30,90.0,1.37
9464030,0,94.0,
7514024,0,94.0,
13330146,6,96.0,2.54
10379031,8,100.0,2.33
5725804,2,100.0,0.23
4644455,1,100.0,1.0
9133627,0,94.0,
13524454,1,100.0,0.5
7527864,20,94.0,1.66
3351728,9,100.0,0.34
6677640,16,98.0,1.08
6480967,0,94.0,
1827762,29,93.0,0.85
7854872,2,90.0,0.19
10855052,4,80.0,0.55
13591091,1,80.0,0.65
4635390,13,89.0,0.73
1745339,27,94.0,0.76
7514336,1,100.0,0.34
7874552,29,92.0,2.27
3673104,9,96.0,0.35
8450098,39,95.0,3.31
6742905,121,71.0,8.01
697078,8,90.0,0.51
9755993,6,100.0,0.71
3890373,83,98.0,3.42
3873776,7,80.0,0.29
14798673,0,94.0,
13294558,10,92.0,3.95
13376457,9,91.0,3.14
12210223,8,88.0,1.94
12738816,3,100.0,0.95
6776075,1,100.0,0.08
5709298,154,98.0,8.85
6445917,24,98.0,1.76
2776143,242,80.0,8.33
23619,127,92.0,1.67
7920759,3,100.0,1.73
10164810,6,90.0,0.93
14572100,0,94.0,
11016623,6,100.0,1.1
8428052,9,100.0,1.73
14374965,4,95.0,4.0
7527149,11,96.0,0.85
7329849,0,94.0,
3069104,17,93.0,1.08
1529393,7,74.0,0.24
7918592,17,95.0,1.6
9248612,17,91.0,1.85
54944,7,84.0,0.19
7837202,2,100.0,0.48
5445126,5,100.0,0.3
2216767,51,96.0,1.74
14586440,0,94.0,
250345,22,89.0,0.39
5690424,44,88.0,2.59
14700046,0,94.0,
4461613,3,93.0,0.19
6410674,59,95.0,3.77
6066455,56,99.0,3.7
13307513,0,94.0,
8704161,24,100.0,2.16
10653150,41,85.0,5.57
4787359,18,90.0,0.91
3050565,23,91.0,0.83
13306811,37,96.0,11.68
7553969,5,96.0,0.39
11701611,8,95.0,2.31
7244031,6,97.0,0.43
4032756,18,96.0,0.77
9078998,7,97.0,1.09
6326257,62,98.0,4.08
3377100,60,98.0,2.24
11306586,26,90.0,4.48
7342359,0,94.0,
7996844,33,90.0,2.66
14124430,3,100.0,2.31
8471852,28,99.0,2.41
12143408,4,100.0,1.4
8782592,10,94.0,1.2
10470115,3,93.0,0.43
7635616,5,100.0,0.49
1886037,1,100.0,0.07
11343485,14,86.0,9.55
8537786,14,64.0,1.21
9273978,5,100.0,0.82
14407094,1,100.0,1.0
14857569,0,94.0,
9273395,7,97.0,0.81
10945774,1,100.0,1.0
13993185,10,96.0,6.12
9274587,9,89.0,0.92
6554785,85,96.0,5.69
2998554,19,89.0,0.7
4359160,174,75.0,7.7
3392423,91,95.0,3.39
14074739,1,100.0,1.0
4489490,16,94.0,0.72
508017,156,94.0,3.02
8170181,22,93.0,1.87
3068453,74,80.0,2.71
9934771,0,94.0,
2821825,4,95.0,0.17
21891,21,94.0,0.32
13686161,1,94.0,0.7
4759640,1,100.0,0.05
4021522,6,100.0,0.25
9905304,1,100.0,0.14
3182652,5,90.0,0.18
10742655,4,80.0,0.65
13926201,0,94.0,
3653207,58,91.0,2.26
7240775,2,100.0,0.16
14421910,0,94.0,
11357756,0,94.0,
12211821,10,84.0,2.11
2747654,67,74.0,2.36
13081090,5,100.0,1.88
13216268,6,90.0,4.0
7838961,0,94.0,
1240598,76,79.0,1.93
8799256,43,92.0,3.96
4924009,52,77.0,2.66
12069214,8,100.0,1.76
497810,135,92.0,5.09
12365454,30,94.0,6.98
9299923,14,94.0,2.28
12898806,0,94.0,
14335782,0,94.0,
6741968,85,95.0,5.67
4275846,54,77.0,2.35
13926017,4,87.0,2.14
8814532,7,97.0,0.69
11336922,0,94.0,
14236787,0,94.0,
14760955,0,94.0,
8420956,8,100.0,0.69
8814105,17,96.0,1.73
14122467,0,94.0,
10730,21,95.0,0.25
9796309,0,94.0,
14351036,5,76.0,5.0
14679817,2,100.0,2.0
8325477,4,100.0,0.37
9680953,18,95.0,1.96
10549219,0,94.0,
13793578,0,94.0,
12383703,3,93.0,1.27
5649821,14,85.0,0.87
5371687,26,98.0,1.51
8814215,5,92.0,0.52
12563549,1,80.0,0.27
2715779,0,94.0,
13152370,10,90.0,4.92
12382239,11,97.0,2.34
60356,5,92.0,0.15
1340290,9,91.0,0.27
11842312,12,90.0,2.93
4977034,34,97.0,1.7
4075898,41,94.0,1.73
8696200,12,95.0,1.24
8302844,78,89.0,6.7
9709597,1,100.0,0.22
8432166,0,94.0,
8792552,38,77.0,3.84
12087989,12,98.0,2.52
2547129,9,91.0,0.36
4190704,81,81.0,3.43
7728499,6,93.0,0.5
12541136,6,100.0,1.55
13652746,0,94.0,
8563141,37,91.0,3.4
6924700,101,93.0,7.05
6596242,14,95.0,0.91
7054912,2,100.0,0.14
665035,0,94.0,
10116914,0,94.0,
9218288,0,94.0,
12232615,0,94.0,
12363660,15,87.0,4.02
13723404,4,85.0,3.16
11069156,0,94.0,
9707238,0,94.0,
14574734,3,100.0,3.0
14754902,0,94.0,
10117803,2,80.0,0.3
8792,18,91.0,0.21
10295349,5,64.0,0.67
13836832,0,94.0,
14897219,0,94.0,
14760973,0,94.0,
9922595,1,100.0,1.0
14870557,0,94.0,
12902509,0,94.0,
11983535,1,100.0,0.6
10117122,0,94.0,
14760739,1,100.0,1.0
2547075,20,88.0,0.68
2776391,34,96.0,1.33
891953,13,80.0,0.47
3414993,0,94.0,
973695,38,93.0,1.05
2481019,14,94.0,0.48
8837755,0,94.0,
6134867,105,93.0,6.4
11885653,3,100.0,0.55
10705351,15,100.0,6.25
6936712,5,92.0,0.36
13113748,0,94.0,
14653823,1,94.0,1.0
1873046,29,79.0,1.01
12752020,1,100.0,0.37
218259,5,90.0,0.09
5953696,28,97.0,4.52
6181758,87,94.0,5.34
5215982,20,87.0,1.28
38579,4,87.0,0.08
4118162,25,90.0,1.09
6887053,1,94.0,0.07
4303606,43,98.0,1.88
9770560,0,94.0,
13669224,4,95.0,2.67
70481,6,93.0,0.09
14897997,0,94.0,
4510513,21,92.0,0.96
8327907,3,100.0,0.29
11440702,0,94.0,
11866651,40,99.0,8.22
14110129,5,90.0,3.66
13980127,0,94.0,
6181230,2,90.0,0.13
1596470,9,100.0,0.25
8097903,1,80.0,0.09
14421841,0,94.0,
4574921,78,85.0,3.77
14421692,0,94.0,
13078148,1,100.0,1.0
1248870,17,98.0,0.48
9425087,0,94.0,
13275308,24,98.0,8.0
13225005,1,100.0,1.0
2821921,3,100.0,0.11
14421403,0,94.0,
8441187,45,95.0,4.05
14421304,0,94.0,
10881600,0,94.0,
14043390,4,93.0,2.26
14420163,0,94.0,
13812075,14,99.0,7.12
6993585,1,100.0,0.08
14419982,0,94.0,
9530285,1,94.0,0.4
6686224,27,85.0,4.66
14419482,0,94.0,
13912429,1,94.0,1.0
2410846,6,90.0,0.22
12830117,0,94.0,
2573685,5,96.0,0.19
7832890,2,100.0,0.63
13730500,7,93.0,3.23
14303099,0,94.0,
9111413,35,86.0,5.47
11061030,2,100.0,0.56
12987348,26,95.0,8.3
8340072,25,90.0,2.2
1966195,23,96.0,0.78
12815192,4,93.0,1.21
7914359,65,94.0,5.33
820073,46,99.0,1.11
8389735,0,94.0,
4489588,16,97.0,0.72
1868124,8,95.0,0.3
13027627,2,94.0,0.53
67946,1,100.0,0.02
52423,4,93.0,0.07
54215,5,80.0,0.08
54487,1,100.0,0.01
7414930,0,94.0,
25142,9,88.0,0.12
9364092,5,100.0,0.6
8152796,0,94.0,
6451456,0,94.0,
8955473,0,94.0,
8187052,0,94.0,
14852273,0,94.0,
9127677,0,94.0,
14608495,2,80.0,2.0
8925974,0,94.0,
8552387,0,94.0,
14660851,0,94.0,
7211531,12,89.0,1.17
6923446,16,96.0,1.29
39116,46,97.0,0.62
3992208,184,76.0,7.53
4577188,64,84.0,3.0
14682588,1,94.0,1.0
14418593,2,80.0,2.0
3985462,121,98.0,5.01
14486237,1,100.0,1.0
14469894,1,100.0,1.0
13434817,11,91.0,3.93
14274311,5,100.0,4.69
14221294,5,100.0,5.0
1867754,1,46.0,0.03
14368660,2,100.0,2.0
9125711,1,94.0,0.18
1695275,252,78.0,7.05
11592154,2,100.0,0.35
14073235,0,94.0,
2915595,47,98.0,1.73
8249201,1,80.0,0.09
5684346,0,94.0,
2243499,1,80.0,0.15
6356533,14,90.0,1.11
10231714,38,95.0,4.56
9452993,11,89.0,1.95
7650016,14,97.0,1.07
8141545,0,94.0,
6240901,91,77.0,5.66
13073078,6,100.0,1.94
6568621,10,84.0,0.82
3914363,5,92.0,0.21
12630619,10,94.0,4.76
6453686,58,95.0,3.76
3783090,12,100.0,1.73
12826881,7,89.0,2.06
6027467,3,100.0,0.2
14252020,6,93.0,6.0
14825159,0,94.0,
1242798,0,94.0,
14595735,0,94.0,
13863190,0,94.0,
5125723,29,97.0,1.6
9041513,0,94.0,
9845039,6,87.0,0.7
10995976,32,83.0,4.66
12154150,0,94.0,
12973308,1,100.0,0.28
12432623,3,80.0,0.88
14824684,0,94.0,
14481328,0,94.0,
13547391,0,94.0,
13449049,3,100.0,1.05
6894734,0,94.0,
228883,4,94.0,0.09
11890768,0,94.0,
4812786,1,94.0,0.06
6951829,1,100.0,0.18
13709190,20,79.0,8.33
13266833,0,94.0,
6516588,9,98.0,0.58
11087731,1,100.0,0.47
1863443,5,80.0,0.18
7220216,0,94.0,
13544430,0,94.0,
12446656,10,90.0,2.31
13724578,8,80.0,3.58
1864705,10,86.0,0.35
9941923,0,94.0,
4109165,1,80.0,0.08
14136069,0,94.0,
6927063,7,93.0,0.48
12972378,0,94.0,
7499960,9,90.0,0.74
5990896,37,85.0,2.33
13147585,18,96.0,6.43
9040476,0,94.0,
13546070,4,100.0,1.9
6844012,1,100.0,0.08
14662927,2,90.0,2.0
2174476,65,93.0,2.66
9367059,8,93.0,1.69
14774868,2,100.0,2.0
11431331,11,93.0,1.89
9130532,2,90.0,0.33
13397201,2,100.0,2.0
1141888,36,90.0,0.89
14873137,0,94.0,
8165898,3,93.0,0.31
8335838,0,94.0,
5911004,0,94.0,
10186477,3,100.0,0.38
716512,0,94.0,
8187595,0,94.0,
4565470,3,93.0,0.15
6467991,0,94.0,
6072693,16,97.0,1.02
13298014,1,60.0,0.77
9855,3,90.0,0.04
14624367,0,94.0,
8168982,0,94.0,
6268395,0,94.0,
14360470,1,100.0,1.0
6446940,4,70.0,0.27
7869497,2,60.0,0.23
14468407,2,90.0,2.0
6790961,1,100.0,0.11
12183851,20,79.0,4.17
7219056,0,94.0,
12969783,0,94.0,
14823724,1,100.0,1.0
9496325,4,87.0,0.41
8335652,0,94.0,
10034930,0,94.0,
13082258,2,80.0,0.54
10149314,1,80.0,0.18
12854553,0,94.0,
6317304,56,95.0,3.83
2663667,16,95.0,0.66
13968572,2,100.0,1.58
12592117,21,90.0,4.85
10036192,0,94.0,
11985521,1,100.0,1.0
11035223,3,93.0,0.52
8336347,2,100.0,0.22
13083058,11,100.0,4.93
8085906,0,94.0,
14573969,0,94.0,
7840131,4,95.0,0.32
10035581,0,94.0,
9793239,0,94.0,
12871837,0,94.0,
14608502,0,94.0,
3303497,12,92.0,0.45
13018428,0,94.0,
14917833,0,94.0,
8184007,0,94.0,
6316145,74,97.0,4.84
11788394,4,100.0,1.41
13017162,14,88.0,3.68
1819994,1,60.0,0.09
12870514,10,92.0,2.63
10036037,1,40.0,0.21
4040151,15,91.0,0.65
14818575,0,94.0,
14885592,0,94.0,
5086521,32,95.0,1.87
10033715,1,100.0,0.29
6015021,2,70.0,0.13
8428314,23,98.0,2.0
9329398,6,100.0,0.63
11987762,1,40.0,0.25
6167184,18,83.0,1.26
4644069,1,100.0,0.06
5659780,3,100.0,0.18
12246137,1,80.0,0.26
2186358,9,93.0,0.29
12672097,0,94.0,
4479140,5,88.0,0.46
7362715,3,93.0,0.26
4069422,13,95.0,0.55
8099266,0,94.0,
2872717,0,94.0,
8460627,5,100.0,0.47
8400275,71,79.0,6.07
6955911,5,85.0,0.35
10048789,0,94.0,
11474130,2,100.0,0.42
11677211,0,94.0,
1840255,30,98.0,1.24
9393163,1,94.0,0.17
8334845,0,94.0,
7869368,0,94.0,
13667826,4,90.0,1.94
4559774,20,95.0,0.91
9541295,17,95.0,2.34
13866603,1,100.0,1.0
8164953,0,94.0,
10229333,0,94.0,
13751871,3,80.0,1.88
9999894,0,94.0,
12359181,0,94.0,
9770477,8,80.0,1.09
7508865,3,80.0,0.31
8164146,0,94.0,
7869167,0,94.0,
12899026,1,100.0,0.77
4547353,4,90.0,0.25
3740274,36,97.0,1.41
8081935,0,94.0,
10228228,1,80.0,1.0
9180965,1,80.0,0.19
6444138,3,93.0,0.21
9868322,0,94.0,
10228764,0,94.0,
10211649,0,94.0,
14553190,0,94.0,
36885,125,97.0,1.67
14553171,0,94.0,
14799678,0,94.0,
10949319,0,94.0,
8163273,1,60.0,0.64
11751289,0,94.0,
3903324,6,97.0,0.24
13733558,8,80.0,4.0
8097453,1,100.0,0.09
14798497,0,94.0,
12652181,2,90.0,0.6
8146576,1,100.0,0.15
10113230,34,87.0,5.15
6983246,28,93.0,1.96
6409811,33,87.0,2.1
13078025,2,100.0,0.71
180914,2,78.0,0.04
951480,1,100.0,0.03
4181163,3,93.0,0.18
8670336,38,88.0,3.44
14109809,3,100.0,3.0
7573274,2,80.0,0.17
2214923,0,94.0,
11799482,2,100.0,0.46
8063870,2,70.0,0.18
8162168,0,94.0,
8063815,0,94.0,
6425405,3,80.0,0.21
12208806,4,75.0,1.26
8391298,13,98.0,1.1
6324649,54,88.0,3.58
8145397,0,94.0,
8325366,0,94.0,
13076586,2,100.0,0.87
11634778,16,95.0,5.11
13994056,11,89.0,6.23
8439372,29,94.0,2.74
14485048,0,94.0,
12962229,0,94.0,
8325544,1,40.0,0.43
14595823,0,94.0,
11454728,11,76.0,2.37
7325063,0,94.0,
13714817,0,94.0,
11240774,10,94.0,1.71
14369574,0,94.0,
5259996,0,94.0,
14647971,0,94.0,
13435185,2,100.0,2.0
3278624,3,87.0,0.53
11454147,13,98.0,2.45
5834413,2,60.0,0.13
10995355,20,89.0,3.03
1835533,38,76.0,1.09
14533117,0,94.0,
12796034,1,100.0,0.61
11583581,20,83.0,4.32
6793913,2,70.0,0.14
5308475,12,93.0,0.7
13079902,1,100.0,0.28
8325030,0,94.0,
2016500,5,92.0,0.51
951476,3,73.0,0.08
951473,0,94.0,
10552485,9,80.0,1.36
12247217,0,94.0,
4916260,12,97.0,0.75
11990528,3,100.0,0.87
10552237,8,88.0,1.11
2360109,43,85.0,1.45
9448243,10,98.0,1.04
3309941,18,94.0,0.73
12828996,1,94.0,0.25
196806,41,98.0,0.67
3589267,16,91.0,0.62
12184433,0,94.0,
13824970,1,100.0,1.0
1815326,125,94.0,4.58
3601424,93,96.0,3.72
7741566,19,98.0,1.46
13375092,8,100.0,2.96
5739119,0,94.0,
3012529,178,92.0,6.36
5295491,26,93.0,1.53
13993626,0,94.0,
13642405,8,73.0,6.15
8388481,4,95.0,0.36
14057189,6,97.0,6.0
5406448,0,94.0,
10747524,34,95.0,5.67
12254831,0,94.0,
14646704,0,94.0,
14614422,0,94.0,
8338792,0,94.0,
2555771,8,95.0,0.28
9953144,3,100.0,0.52
4291607,4,100.0,0.18
11418599,12,95.0,2.28
13584884,10,96.0,4.55
12811191,8,90.0,2.76
6716872,0,94.0,
8224214,29,89.0,2.46
10594800,4,60.0,0.73
7420789,33,97.0,2.65
8303748,1,80.0,0.09
10009367,0,94.0,
13564587,0,94.0,
8780440,10,84.0,0.92
13056513,11,95.0,3.27
7403927,3,93.0,0.25
12761363,2,90.0,0.46
14760011,0,94.0,
3668038,15,97.0,0.62
5447285,1,100.0,0.3
11220522,29,89.0,4.22
6551454,0,94.0,
11760822,19,95.0,3.99
2061478,9,98.0,0.33
5959740,1,94.0,0.06
9723217,1,100.0,0.21
8482847,30,87.0,2.66
8515356,8,98.0,0.72
13478868,2,100.0,0.7
13642655,0,94.0,
9989001,0,94.0,
8336388,0,94.0,
1110423,42,92.0,1.12
3060038,24,92.0,1.01
1912940,63,87.0,2.09
6646604,30,88.0,2.12
12339410,8,97.0,1.68
12856007,3,80.0,0.83
13347495,0,94.0,
9256035,10,96.0,1.08
13642260,5,80.0,2.05
13577929,0,94.0,
716245,86,89.0,1.81
4369675,0,94.0,
10333345,17,96.0,2.67
1961034,1,100.0,0.27
14707780,0,94.0,
8404805,0,94.0,
14250499,1,60.0,1.0
8417742,9,100.0,0.9
12873438,0,94.0,
6449549,0,94.0,
12052820,12,75.0,2.54
76073,54,93.0,0.82
13624929,4,95.0,3.43
583255,9,100.0,0.19
14460344,6,87.0,6.0
6954861,87,98.0,7.07
8789821,7,100.0,0.66
7511838,22,98.0,1.66
13264687,6,80.0,2.14
11757251,3,20.0,0.51
8518237,42,100.0,3.6
8461819,2,100.0,2.0
466361,48,91.0,0.94
2227959,176,92.0,7.19
9250014,10,96.0,1.57
4662379,20,97.0,0.94
2729015,1,80.0,0.04
3318814,0,94.0,
7840752,0,94.0,
11494020,9,100.0,2.08
8626752,0,94.0,
4628907,6,60.0,0.28
11067772,15,93.0,2.88
13674701,2,90.0,2.0
13265095,2,100.0,0.71
11921486,2,80.0,0.38
14754108,0,94.0,
7509273,7,94.0,0.66
1171578,108,97.0,2.92
1937433,10,98.0,2.97
7921649,16,93.0,1.38
13656969,0,94.0,
7054058,14,96.0,1.0
12739300,0,94.0,
7692933,90,96.0,7.05
9461126,0,94.0,
14780153,2,90.0,2.0
10607657,6,93.0,1.31
11688611,7,97.0,1.79
7805515,17,95.0,1.3
14834257,0,94.0,
11147761,13,98.0,2.13
4652263,1,80.0,1.0
13960193,5,60.0,2.78
8378257,7,86.0,0.62
14473036,0,94.0,
7476671,8,93.0,0.63
2943893,0,94.0,
7529525,0,94.0,
9255725,10,96.0,1.03
9410831,0,94.0,
13490438,2,100.0,0.78
9114896,34,94.0,3.52
1185034,16,89.0,0.4
8934599,7,97.0,1.84
1545185,31,87.0,0.87
13333256,1,94.0,0.83
12709469,1,20.0,0.65
13800294,2,90.0,0.95
13031523,3,87.0,0.95
8983081,2,100.0,0.42
3412990,60,90.0,2.8
14864858,0,94.0,
217498,120,95.0,2.03
8753559,27,97.0,2.81
13111691,1,94.0,1.0
7721323,19,86.0,1.45
12833084,2,100.0,0.59
11035352,0,94.0,
13684319,1,100.0,1.0
7310887,72,98.0,5.33
2526773,6,90.0,0.24
3181719,44,97.0,1.67
14770708,1,80.0,1.0
8014950,7,86.0,0.56
6119918,51,89.0,3.12
6343532,63,91.0,4.06
14322546,1,94.0,1.0
13192046,3,100.0,1.96
4410765,3,80.0,0.29
5606682,39,88.0,2.46
2014882,104,93.0,3.85
11717217,2,50.0,0.53
10226171,0,94.0,
7735518,1,100.0,0.08
14912536,0,94.0,
9685102,42,92.0,5.32
11569156,0,94.0,
4556374,0,94.0,
7308811,2,90.0,0.16
14698794,3,100.0,3.0
4737304,15,95.0,0.89
9896713,87,92.0,9.67
10835494,3,100.0,2.31
6865619,0,94.0,
3457722,23,98.0,0.9
1327725,132,94.0,3.45
3606396,4,90.0,0.15
13222465,0,94.0,
4456987,16,95.0,0.95
4489752,22,91.0,0.99
13156872,6,97.0,1.94
13374823,1,100.0,0.46
1523772,0,94.0,
14500012,0,94.0,
2294730,9,90.0,0.32
8962914,5,92.0,0.47
5784404,14,97.0,1.21
4670285,16,93.0,0.96
13960293,2,94.0,1.03
14402688,2,100.0,2.0
295285,19,97.0,0.47
11441717,10,96.0,1.89
962610,33,99.0,0.87
14767573,1,100.0,1.0
5270703,0,94.0,
14303090,3,100.0,2.81
3521944,4,93.0,0.16
1161210,163,93.0,4.1
14878512,0,94.0,
12708781,14,96.0,3.56
11662212,31,98.0,10.57
14692682,1,100.0,1.0
13938959,0,94.0,
8265182,19,95.0,4.96
601763,0,94.0,
13266176,11,93.0,4.78
10185866,0,94.0,
4698367,60,95.0,3.3
7513906,1,100.0,0.09
13028899,3,93.0,1.53
13491626,0,94.0,
4530670,30,99.0,1.46
6300089,22,94.0,1.42
9926796,7,66.0,0.91
9301075,15,96.0,1.55
13261681,11,91.0,4.12
13015767,22,95.0,6.06
7854569,0,94.0,
10279083,3,100.0,0.49
9607296,0,94.0,
6706463,1,94.0,0.08
14685903,0,94.0,
14159799,0,94.0,
8720673,1,100.0,0.19
1757417,19,100.0,1.82
10964552,51,96.0,7.22
13487348,1,100.0,0.57
14552489,0,94.0,
6261296,58,97.0,3.69
12618291,3,100.0,1.41
14677678,0,94.0,
9340410,10,100.0,2.11
9292118,22,96.0,2.29
164418,37,91.0,0.61
7275018,3,93.0,0.23
4180178,1,80.0,0.06
11626869,12,87.0,4.29
13827734,0,94.0,
1391492,71,95.0,1.92
9550398,0,94.0,
10127270,1,80.0,0.48
13907143,6,97.0,3.83
6401859,27,97.0,4.43
4698487,4,100.0,0.2
14593751,0,94.0,
6613472,8,98.0,4.71
3974503,1,100.0,0.04
7497047,1,80.0,0.08
7185881,2,100.0,0.15
8645254,1,94.0,0.22
14719754,1,60.0,1.0
13296735,14,100.0,5.25
11983286,63,99.0,11.39
9607385,0,94.0,
6131224,10,96.0,0.63
7840411,5,87.0,0.47
5344465,12,89.0,0.72
7900936,29,99.0,2.25
13275334,8,100.0,4.53
7441144,5,88.0,0.38
8490356,9,96.0,0.78
2886933,46,97.0,1.65
3164650,7,89.0,0.28
4699828,30,93.0,1.78
13697676,0,94.0,
14778561,2,100.0,2.0
14272646,0,94.0,
890705,16,87.0,0.39
1173306,23,90.0,0.59
8133752,9,100.0,0.78
4828640,54,94.0,3.82
2931870,48,90.0,1.71
2931271,27,87.0,1.04
2931165,70,91.0,2.53
10381729,34,91.0,5.23
9826706,3,100.0,0.36
14086516,9,100.0,5.51
4483906,0,94.0,
8761060,0,94.0,
6006328,10,84.0,1.76
8904546,0,94.0,
12492474,3,100.0,1.01
8904297,10,80.0,2.59
2529318,29,95.0,1.06
14686119,0,94.0,
3839678,10,84.0,0.4
14242888,5,96.0,5.0
2278704,81,89.0,2.79
14663819,1,80.0,1.0
14664852,0,94.0,
9047646,1,94.0,0.09
2515870,86,94.0,2.92
12904318,1,80.0,1.0
7106162,1,100.0,0.08
10234895,3,80.0,0.63
177129,131,94.0,2.14
3522237,2,90.0,0.19
14691657,4,93.0,4.0
12971329,3,100.0,0.83
1510876,23,97.0,0.62
5729203,0,94.0,
13565183,0,94.0,
570493,57,96.0,1.54
737519,3,100.0,0.58
14092792,6,97.0,4.62
6005290,1,100.0,0.08
7389719,0,94.0,
13928082,0,94.0,
1391215,111,87.0,2.97
2794782,40,93.0,1.42
6763587,4,80.0,0.84
2764624,109,87.0,3.82
14928000,0,94.0,
5891012,4,100.0,0.26
6160803,49,93.0,2.99
11410652,1,100.0,0.21
77691,194,88.0,2.89
6014737,16,71.0,0.96
179245,33,87.0,0.55
1732804,59,97.0,1.66
11376403,5,92.0,0.97
3788075,23,90.0,0.91
14682145,0,94.0,
14747561,0,94.0,
14826101,0,94.0,
8899828,0,94.0,
7356415,3,87.0,0.22
10764250,3,93.0,0.53
7274342,0,94.0,
1179399,92,95.0,5.19
4177233,54,94.0,2.27
11992431,13,100.0,2.42
31796,291,87.0,3.83
9352045,0,94.0,
179244,81,87.0,1.33
1128894,50,90.0,1.38
13565471,1,80.0,0.75
14056340,1,60.0,1.0
13564762,2,100.0,1.76
9894686,65,94.0,7.36
1178371,85,95.0,4.81
14809866,1,94.0,1.0
9239190,12,87.0,1.2
3193484,3,93.0,0.28
47521,241,88.0,3.3
12593225,2,90.0,2.0
8518091,13,94.0,1.19
3389896,4,75.0,0.32
3094942,10,90.0,0.39
13318312,0,94.0,
8700820,7,94.0,0.64
1472520,231,96.0,6.23
1472481,231,96.0,6.34
1112067,129,87.0,3.17
5584915,2,100.0,0.15
14756184,1,100.0,1.0
14710769,1,100.0,1.0
7927765,2,80.0,0.6
5862806,30,95.0,2.15
8566407,45,98.0,3.9
13564281,0,94.0,
13007181,0,94.0,
14461747,2,100.0,2.0
4879579,6,100.0,3.91
14219033,3,100.0,2.43
5371051,25,92.0,2.58
1881180,43,97.0,1.38
7222349,21,92.0,1.91
11569331,2,100.0,0.59
3765289,2,50.0,0.08
6523777,55,93.0,3.53
7239024,62,97.0,4.39
12103501,4,95.0,1.1
5991427,23,74.0,1.36
11964926,20,83.0,6.0
11021254,0,94.0,
10185646,0,94.0,
12366845,1,94.0,0.22
13622776,2,100.0,1.3
13546414,18,81.0,8.06
11389072,0,94.0,
13415232,6,97.0,2.28
536865,185,87.0,3.67
1454258,163,98.0,4.34
7842550,47,83.0,3.7
1321422,194,96.0,5.07
13578911,1,80.0,1.0
3765014,9,64.0,0.36
12857981,3,93.0,0.88
4484747,5,64.0,0.22
4967219,143,82.0,7.16
13168176,2,60.0,1.71
13955674,3,93.0,3.0
4173285,4,100.0,0.22
5844314,46,90.0,9.45
14740708,0,94.0,
13266133,2,100.0,0.75
13151270,0,94.0,
8956962,8,83.0,0.78
9415687,11,100.0,1.4
9685076,3,100.0,0.69
4484798,16,69.0,0.95
12593655,0,94.0,
7006683,2,100.0,0.15
3303860,4,55.0,0.15
13613812,0,94.0,
4695542,158,85.0,7.67
3344639,45,93.0,3.18
10610205,14,97.0,4.94
3057116,53,97.0,2.16
7939556,1,100.0,0.09
7693354,114,91.0,8.86
91588,8,91.0,0.12
9887664,2,90.0,1.58
13655923,19,99.0,7.81
57156,17,87.0,0.26
12020004,4,80.0,1.19
6574771,25,97.0,4.03
9332643,0,94.0,
7934491,0,94.0,
13281106,1,100.0,0.37
12052292,1,94.0,0.33
1112193,120,89.0,2.98
9494212,36,91.0,3.75
6626933,50,91.0,3.23
11853416,1,94.0,0.21
9493951,43,89.0,4.81
10034592,14,96.0,1.66
205894,125,89.0,2.05
4875342,11,82.0,0.55
1352776,3,93.0,1.91
13509665,0,94.0,
12125635,4,100.0,0.97
4793787,110,98.0,5.47
13417233,5,100.0,2.0
13574652,0,94.0,
10559976,0,94.0,
2811937,43,93.0,1.53
9279773,14,99.0,1.42
7725279,21,94.0,1.61
3678429,8,95.0,0.31
12109171,21,95.0,4.17
6627469,8,90.0,0.53
14671948,0,94.0,
9494511,29,89.0,2.98
7449448,13,92.0,0.97
14918425,0,94.0,
533152,12,93.0,0.41
3415434,8,78.0,0.33
4431210,5,88.0,0.22
826706,7,66.0,0.18
3628320,12,88.0,0.48
14900236,0,94.0,
14127153,1,100.0,1.0
10068240,33,92.0,3.96
13098572,2,60.0,0.56
400067,20,86.0,0.51
3250847,4,80.0,0.15
530983,19,93.0,0.41
4447430,18,99.0,0.81
531552,11,93.0,0.22
13313124,2,80.0,0.67
14539326,0,94.0,
11759332,0,94.0,
3250739,16,70.0,0.6
14632821,4,93.0,4.0
6887926,3,40.0,0.21
2000797,59,90.0,2.21
579605,10,93.0,0.2
11966297,8,97.0,1.85
6870485,7,89.0,0.47
4216208,40,83.0,2.37
3052935,13,77.0,0.52
8886703,12,92.0,1.11
9685085,3,100.0,0.7
12343588,30,96.0,6.67
3945704,95,97.0,3.91
12657537,0,94.0,
13767907,11,73.0,4.93
9383459,41,94.0,4.27
14822087,0,94.0,
13374617,3,73.0,2.37
4527029,7,71.0,0.42
14093943,1,40.0,1.0
7476936,3,93.0,0.23
1332786,108,98.0,2.82
4350898,2,100.0,2.0
14040282,6,93.0,6.0
3953472,12,95.0,0.51
18711,17,88.0,0.22
1544702,222,97.0,6.09
315982,84,87.0,1.53
561769,4,87.0,0.08
12344014,3,87.0,0.86
7071883,15,97.0,1.04
4494419,2,70.0,0.09
3166256,102,96.0,3.74
13242393,1,100.0,0.43
2871079,0,94.0,
13979354,14,91.0,7.92
10268223,2,90.0,0.25
3641545,5,100.0,0.22
839265,16,89.0,0.36
232990,55,93.0,0.9
1584362,232,97.0,6.48
4503393,3,47.0,0.13
1821633,123,98.0,3.53
4934600,64,93.0,4.92
3394437,14,87.0,0.56
533114,8,93.0,0.16
7367795,4,95.0,0.29
8523157,16,100.0,3.08
12586305,3,100.0,1.45
12175961,1,80.0,0.25
6965516,1,100.0,0.1
6655012,14,90.0,2.9
12126299,2,100.0,0.63
5048406,23,96.0,1.2
3311675,3,73.0,0.12
1262443,3,94.0,0.36
8161218,2,100.0,0.16
13325983,7,83.0,3.28
3294775,62,91.0,2.33
8947232,6,77.0,0.56
13714934,3,100.0,1.38
13687764,0,94.0,
3946215,101,96.0,4.57
13699440,1,100.0,1.0
7246272,37,96.0,3.23
6014302,15,73.0,0.89
13927765,12,97.0,6.43
200265,118,93.0,1.96
7292184,21,93.0,1.69
13443949,14,80.0,5.12
14647962,0,94.0,
8587030,29,98.0,2.6
3589869,4,80.0,0.96
377474,19,85.0,0.38
13236936,1,20.0,0.37
3539510,12,92.0,0.52
213086,22,92.0,0.76
8536113,9,93.0,5.87
11584799,9,100.0,1.78
771309,1,100.0,0.04
8291550,1,100.0,1.0
1944976,5,80.0,0.3
11258721,4,90.0,0.8
3294152,77,87.0,2.89
8717204,27,90.0,2.73
13239143,2,100.0,0.67
13861258,1,100.0,0.48
8536127,21,75.0,1.82
14565726,1,94.0,1.0
14600925,0,94.0,
6881541,24,88.0,1.83
3344322,32,91.0,1.22
7454966,9,82.0,0.68
12593869,2,90.0,0.78
10426124,18,81.0,2.39
14389002,1,100.0,1.0
10053549,0,94.0,
10138792,5,96.0,0.93
10905777,1,100.0,0.22
14468656,0,94.0,
14553530,0,94.0,
7225201,1,80.0,0.08
13514017,14,92.0,6.36
11648688,2,80.0,0.44
13450880,5,100.0,2.63
6798777,0,94.0,
14843783,3,100.0,3.0
13221129,1,100.0,0.38
10051357,1,100.0,0.2
10050351,2,100.0,0.3
12287687,0,94.0,
5191658,24,93.0,1.31
14711125,0,94.0,
8271384,90,95.0,7.48
12679021,0,94.0,
10053928,0,94.0,
12072006,0,94.0,
4435883,2,100.0,2.0
13298546,15,100.0,4.89
13218729,1,60.0,0.43
11563716,4,95.0,0.73
6598203,12,88.0,0.79
6843850,3,90.0,0.25
2649521,8,100.0,0.29
14774811,0,94.0,
10054046,1,100.0,0.4
13510994,5,96.0,2.0
9218362,32,99.0,3.19
10053235,0,94.0,
8595227,0,94.0,
6006121,105,92.0,6.38
10053032,0,94.0,
10053454,0,94.0,
10052824,1,100.0,0.21
10052622,0,94.0,
10592815,0,94.0,
2564544,60,98.0,2.13
10052920,0,94.0,
2384107,19,98.0,0.63
13951039,7,100.0,4.38
10051623,0,94.0,
12984263,0,94.0,
14158636,1,100.0,1.0
10052445,0,94.0,
7134081,12,98.0,0.87
11087657,3,100.0,0.58
6609546,74,97.0,4.81
12639344,4,75.0,0.97
12047758,3,90.0,0.58
8131907,14,93.0,1.34
10475848,10,88.0,1.64
7461091,0,94.0,
5952474,15,88.0,0.96
1644031,35,87.0,5.38
8366402,17,99.0,1.46
14291722,0,94.0,
11735784,1,100.0,0.54
12309083,33,95.0,7.07
11275661,4,80.0,0.63
10850420,17,96.0,2.66
13602808,7,100.0,5.0
7982359,3,100.0,0.31
3363097,21,96.0,1.43
11276570,3,93.0,0.51
14519844,0,94.0,
11734812,5,95.0,0.84
11572070,1,100.0,0.42
14387692,1,100.0,1.0
13813809,2,80.0,1.28
11863590,1,100.0,0.26
13814175,4,93.0,2.0
13813149,0,94.0,
13746896,6,100.0,3.0
13911832,0,94.0,
13942919,6,97.0,3.75
7929879,6,87.0,0.53
13713713,8,98.0,3.93
11649321,2,100.0,0.43
11592067,4,93.0,0.66
7853971,6,93.0,1.25
11970702,1,100.0,0.22
14873100,0,94.0,
6544642,14,89.0,1.0
7988755,68,94.0,5.48
4996375,55,98.0,2.75
11492423,24,97.0,4.39
4586590,102,98.0,5.14
12581300,11,98.0,2.97
6489209,14,97.0,0.9
11986653,38,85.0,8.03
6088708,78,92.0,4.8
6151079,29,94.0,1.81
5511924,26,96.0,1.54
14843050,2,100.0,2.0
13532311,1,100.0,1.0
5078127,24,96.0,1.42
8274008,32,98.0,2.65
13188046,10,100.0,3.16
11787441,2,100.0,0.39
4947526,54,97.0,2.81
11714059,4,80.0,0.77
8649257,30,87.0,2.72
13294824,5,88.0,1.88
6296656,57,98.0,3.72
11008495,20,92.0,3.26
14842237,1,94.0,1.0
13924495,2,100.0,2.0
4585452,1,100.0,0.1
6911945,8,100.0,0.57
14186170,5,96.0,4.29
4699742,6,88.0,0.31
13415984,0,94.0,
3585343,47,90.0,1.82
8828147,4,100.0,2.07
1340649,8,90.0,0.34
6629066,10,98.0,0.85
12515067,6,90.0,1.89
11757376,8,100.0,1.68
4863101,95,93.0,4.93
9237653,32,96.0,3.3
4863108,88,92.0,4.39
13333623,0,94.0,
4928894,10,96.0,0.55
10103725,6,93.0,1.27
6565713,56,95.0,3.89
14151531,7,97.0,6.36
13282275,1,100.0,0.31
4287348,56,93.0,2.5
994138,96,98.0,2.49
4287366,7,77.0,0.31
7713728,96,97.0,7.42
160572,2,70.0,0.04
14693220,1,100.0,1.0
5026613,58,96.0,3.15
5927267,40,91.0,2.38
14884243,0,94.0,
7746589,16,91.0,1.33
8596320,8,100.0,0.78
13855525,5,80.0,2.83
13113079,4,80.0,1.08
11020786,28,94.0,4.42
12545716,3,93.0,0.83
3792147,48,91.0,2.0
7745117,11,98.0,3.75
4287989,7,93.0,0.49
8055839,5,88.0,0.42
4090224,176,97.0,7.53
11757166,31,97.0,5.71
6317446,47,97.0,3.07
7841193,1,100.0,0.08
14591406,0,94.0,
11740527,14,97.0,2.44
8052617,62,92.0,5.05
13642024,1,80.0,0.63
13477535,1,100.0,0.61
13969106,3,80.0,3.0
6317722,46,97.0,3.03
13672165,0,94.0,
6796364,1,80.0,0.94
12803718,0,94.0,
14868087,0,94.0,
6672582,0,94.0,
5727231,3,100.0,3.0
2843596,79,95.0,2.8
10494550,47,96.0,7.7
7855120,13,88.0,1.07
10034183,5,100.0,0.63
14870532,0,94.0,
5054601,38,89.0,2.07
12738641,7,97.0,1.67
14426124,4,100.0,4.0
7611271,14,99.0,1.06
9626428,1,100.0,0.61
5856633,1,100.0,0.25
6544715,10,91.0,0.73
3415033,24,100.0,0.99
5004278,28,99.0,1.83
2135075,92,85.0,2.87
646087,1,100.0,0.37
2022303,84,95.0,2.6
13190410,4,100.0,1.15
13671334,4,95.0,4.0
4627334,0,94.0,
7330494,77,98.0,5.61
4151979,88,98.0,4.2
7003280,97,92.0,6.77
9460898,6,100.0,0.89
13752754,1,94.0,1.0
5380160,27,94.0,1.44
2021489,4,87.0,0.83
2021483,1,80.0,0.63
13605196,6,100.0,2.5
13555596,1,100.0,1.0
257588,132,96.0,2.62
13638077,0,94.0,
11295065,2,80.0,0.65
6543678,19,93.0,1.47
6347026,100,98.0,6.32
12835086,18,82.0,4.66
9508099,2,90.0,0.27
13866156,1,100.0,1.0
6640662,1,100.0,0.12
14898146,0,94.0,
11474629,5,100.0,1.39
5019306,38,96.0,2.08
11474006,13,100.0,2.1
13636659,0,94.0,
11758169,28,96.0,5.71
13586841,2,80.0,0.91
7836038,26,94.0,2.15
6705513,30,93.0,2.03
7475557,17,99.0,3.57
11653496,9,96.0,1.91
9507164,1,60.0,0.37
1887581,64,86.0,1.88
13586491,2,90.0,0.92
11767622,16,94.0,2.79
2412715,2,90.0,0.07
13028935,1,100.0,0.46
12998582,1,100.0,0.3
5590505,1,100.0,0.06
13864415,3,93.0,1.67
2021274,94,93.0,3.09
11947150,3,100.0,0.63
6310903,39,97.0,2.45
395975,13,98.0,0.52
5999291,15,96.0,0.96
4607307,0,94.0,
7933149,15,92.0,1.22
1887507,42,87.0,1.22
13864196,7,91.0,4.77
5868798,0,94.0,
13044229,8,93.0,2.64
13863117,7,94.0,3.5
12208307,1,100.0,0.38
13306033,0,94.0,
5163162,68,95.0,3.78
14928333,0,94.0,
9013631,16,100.0,6.08
5851489,3,100.0,0.24
4196643,72,85.0,3.04
11127085,0,94.0,
13550969,11,100.0,5.5
8930592,70,92.0,6.42
12665563,13,89.0,3.0
4261784,3,87.0,0.2
4261781,10,90.0,0.68
10749794,21,99.0,3.39
14107067,7,97.0,5.0
14663743,1,100.0,1.0
12534735,2,100.0,0.81
5384923,23,99.0,1.23
4402209,20,100.0,3.16
5884210,0,94.0,
11818157,5,84.0,0.96
2135451,0,94.0,
14463855,0,94.0,
6476613,1,100.0,0.06
95453,12,98.0,0.18
9926208,0,94.0,
3866526,25,100.0,3.91
13795095,0,94.0,
13590412,10,96.0,4.62
4106372,49,93.0,2.06
8310653,11,96.0,0.99
2114274,20,95.0,0.64
3353,34,90.0,0.38
7052171,1,100.0,0.08
3677662,38,95.0,1.49
2930663,68,95.0,2.38
7868209,2,90.0,0.16
4293597,95,92.0,4.57
7283351,5,88.0,0.37
1839549,59,94.0,1.69
6227976,2,60.0,0.13
14413896,0,94.0,
8112652,4,95.0,0.32
6976414,2,100.0,1.25
10353263,4,93.0,1.03
13342372,0,94.0,
10253416,2,80.0,0.36
8714682,0,94.0,
10730102,0,94.0,
13024208,1,100.0,0.39
9109401,19,95.0,1.98
8552338,1,60.0,0.09
11255643,45,94.0,7.26
13696794,2,90.0,1.62
12628940,0,94.0,
11304657,1,100.0,0.19
14220964,2,100.0,1.82
3519768,12,98.0,0.58
12270833,0,94.0,
9813223,8,93.0,0.88
9878725,0,94.0,
10032327,20,99.0,2.37
4909590,103,97.0,5.02
14253149,0,94.0,
9445192,2,90.0,0.21
6728273,18,94.0,1.22
13450030,19,94.0,6.55
5775139,0,94.0,
3898015,39,96.0,1.6
3897995,80,95.0,3.28
14416538,0,94.0,
14203428,2,100.0,1.82
14055887,1,100.0,1.0
4340110,74,96.0,3.32
3701108,9,91.0,0.35
13007112,0,94.0,
6838488,6,85.0,0.56
7894645,6,87.0,0.47
13801598,2,100.0,0.92
10724635,0,94.0,
13515084,21,90.0,8.29
7052847,0,94.0,
13530359,1,100.0,1.0
13355213,1,100.0,0.37
13512459,1,94.0,0.35
14153636,6,100.0,6.0
13879099,0,94.0,
14251839,0,94.0,
10123024,0,94.0,
9533193,0,94.0,
3897963,83,96.0,3.43
14231732,5,96.0,4.41
11530331,1,100.0,1.0
3420221,36,87.0,1.69
3901439,66,92.0,2.9
13415816,2,80.0,0.75
12873559,1,100.0,0.32
13430656,2,90.0,0.69
13578106,2,100.0,1.09
5762866,5,96.0,0.31
13462519,0,94.0,
7055184,2,50.0,0.14
11512755,0,94.0,
6761345,1,40.0,0.07
8238078,5,84.0,0.42
14037899,0,94.0,
11022736,1,80.0,1.0
10231171,38,94.0,4.81
831744,31,96.0,0.69
13606268,7,86.0,3.39
12655758,9,77.0,3.03
8579799,8,98.0,0.71
8301150,3,87.0,0.26
10809,14,70.0,0.48
10810,0,94.0,
13019695,21,92.0,6.77
10807,1,60.0,0.04
10021398,22,93.0,3.61
10758,2,60.0,0.09
13381254,0,94.0,
4861476,35,94.0,1.87
12873268,2,70.0,0.95
12233830,30,96.0,6.16
13592046,9,91.0,4.74
13004551,3,93.0,1.67
6923942,1,80.0,0.07
10987109,0,94.0,
12592696,1,100.0,0.34
14916248,0,94.0,
13295386,1,94.0,0.45
4598026,19,95.0,0.93
4351970,2,80.0,0.17
14231514,0,94.0,
11528125,1,100.0,0.17
7797744,10,96.0,2.26
9496337,10,90.0,1.21
4294835,43,90.0,1.88
14655187,1,100.0,1.0
5824015,0,94.0,
13822146,0,94.0,
13236820,4,100.0,1.71
10706413,11,91.0,3.51
13685207,3,93.0,3.0
5661246,36,91.0,2.13
7479725,11,95.0,0.8
11896394,9,88.0,2.5
14756029,0,94.0,
11036835,1,100.0,0.14
13002808,13,93.0,3.61
13443430,0,94.0,
13656292,0,94.0,
4710583,2,100.0,0.17
12755021,1,80.0,0.24
13017064,1,80.0,0.73
12620315,0,94.0,
13345701,17,88.0,5.37
5858133,1,100.0,0.06
14443295,2,100.0,2.0
7395978,3,90.0,0.22
9834617,2,100.0,0.22
12262803,1,100.0,0.21
9058863,0,94.0,
7527677,2,40.0,0.16
9110708,0,94.0,
8758450,2,100.0,0.42
14572515,4,95.0,4.0
9593141,0,94.0,
14484865,1,94.0,1.0
9969226,0,94.0,
5593939,68,96.0,3.81
12540640,4,95.0,3.16
13327034,13,91.0,4.15
14473911,0,94.0,
72811,123,91.0,1.84
5889190,80,98.0,4.87
9854083,1,80.0,0.23
6823017,35,93.0,3.42
13998602,3,70.0,1.96
9541666,1,100.0,0.12
7575576,4,75.0,0.32
5085125,121,90.0,6.1
12253499,6,93.0,1.25
13684464,4,95.0,2.4
14473564,0,94.0,
9885963,16,95.0,1.83
13550412,2,94.0,0.98
12409042,7,97.0,1.83
13391054,5,92.0,2.68
11343048,11,84.0,3.79
14055624,1,94.0,0.6
7067397,0,94.0,
6854357,1,40.0,0.07
12752442,16,93.0,6.96
12736032,12,96.0,3.08
13685592,3,90.0,3.0
13685577,0,94.0,
12997334,8,100.0,3.53
12735138,0,94.0,
8607856,0,94.0,
12735111,1,100.0,0.23
8034092,4,65.0,0.34
4278873,38,94.0,1.77
14340601,3,100.0,2.73
13685228,0,94.0,
13275579,0,94.0,
13733887,11,98.0,4.71
14651378,1,100.0,1.0
2183117,19,94.0,0.96
8310660,4,100.0,0.41
13464674,2,40.0,1.28
13509242,2,90.0,2.0
14487262,0,94.0,
4526384,7,83.0,0.41
14454943,0,94.0,
7245413,1,20.0,0.08
5967421,46,95.0,2.78
13782612,3,93.0,3.0
3419711,47,92.0,2.19
13684251,0,94.0,
6089975,4,80.0,0.26
5870922,46,96.0,2.72
7277653,52,95.0,4.31
1529321,109,91.0,3.09
9473811,3,80.0,0.38
13126713,2,80.0,0.68
13028247,1,100.0,1.0
1525494,80,90.0,2.21
13996398,2,100.0,2.0
12176027,2,100.0,0.47
14044530,0,94.0,
14650655,0,94.0,
6179374,3,67.0,0.24
8751275,64,88.0,5.71
8882195,10,90.0,1.14
14473323,0,94.0,
8029788,1,100.0,0.08
1902160,20,96.0,0.65
7783953,1,100.0,0.09
7931331,21,95.0,1.75
6277566,3,73.0,0.19
9570618,32,97.0,3.53
3609536,9,100.0,0.36
9470342,1,100.0,0.12
2672058,10,84.0,0.34
14572086,0,94.0,
13451383,6,97.0,3.91
14773223,0,94.0,
9078482,2,100.0,0.23
4032126,9,87.0,0.37
8704828,34,91.0,3.09
14303761,0,94.0,
4964365,6,92.0,0.39
13681910,0,94.0,
10208321,2,100.0,0.86
12026868,2,60.0,1.02
11043756,0,94.0,
7462268,32,97.0,2.32
7602994,5,96.0,0.44
6373729,1,100.0,0.07
8921130,2,100.0,0.26
10436811,0,94.0,
14026059,0,94.0,
14503389,0,94.0,
14610297,0,94.0,
4332035,1,94.0,0.05
9807292,0,94.0,
7789055,38,89.0,2.98
14902894,0,94.0,
14866400,0,94.0,
14584547,0,94.0,
14400847,2,100.0,2.0
14510982,0,94.0,
14848154,0,94.0,
14774426,1,100.0,1.0
14487346,0,94.0,
14550228,0,94.0,
14566657,1,60.0,1.0
14773792,0,94.0,
14874204,0,94.0,
14533848,2,100.0,2.0
13015653,4,100.0,4.0
14849141,0,94.0,
14604429,0,94.0,
14592644,0,94.0,
12915510,4,100.0,1.28
14887382,0,94.0,
14823430,0,94.0,
14881840,0,94.0,
11452297,0,94.0,
14576706,0,94.0,
14335003,1,100.0,1.0
14871445,0,94.0,
14472678,0,94.0,
14574800,1,80.0,1.0
14426586,0,94.0,
3131519,8,90.0,0.29
14592547,2,100.0,2.0
14744740,0,94.0,
14504583,2,80.0,2.0
14743129,1,80.0,1.0
5280827,6,70.0,0.33
14689681,0,94.0,
13750763,0,94.0,
14536322,2,100.0,2.0
14852179,0,94.0,
8373729,4,90.0,0.34
14844274,0,94.0,
14585486,0,94.0,
14603878,2,90.0,2.0
14504422,0,94.0,
